# Host: 127.0.0.1  (Version 5.6.21-log)
# Date: 2018-03-21 19:21:39
# Generator: MySQL-Front 5.4  (Build 3.48)
# Internet: http://www.mysqlfront.de/

/*!40101 SET NAMES utf8 */;

#
# Structure for table "apolo_user"
#

CREATE TABLE `apolo_user` (
  `id` int(11) NOT NULL AUTO_INCREMENT,
  `name` varchar(32) NOT NULL,
  `password` varchar(32) NOT NULL,
  `token` varchar(500) NOT NULL,
  `mail` varchar(200) NOT NULL,
  PRIMARY KEY (`id`)
) ENGINE=InnoDB DEFAULT CHARSET=utf8;

#
# Data for table "apolo_user"
#


#
# Structure for table "auth_group"
#

CREATE TABLE `auth_group` (
  `id` int(11) NOT NULL AUTO_INCREMENT,
  `name` varchar(80) NOT NULL,
  PRIMARY KEY (`id`),
  UNIQUE KEY `name` (`name`)
) ENGINE=InnoDB DEFAULT CHARSET=utf8;

#
# Data for table "auth_group"
#


#
# Structure for table "auth_user"
#

CREATE TABLE `auth_user` (
  `id` int(11) NOT NULL AUTO_INCREMENT,
  `password` varchar(128) NOT NULL,
  `last_login` datetime(6) DEFAULT NULL,
  `is_superuser` tinyint(1) NOT NULL,
  `username` varchar(150) NOT NULL,
  `first_name` varchar(30) NOT NULL,
  `last_name` varchar(30) NOT NULL,
  `email` varchar(254) NOT NULL,
  `is_staff` tinyint(1) NOT NULL,
  `is_active` tinyint(1) NOT NULL,
  `date_joined` datetime(6) NOT NULL,
  PRIMARY KEY (`id`),
  UNIQUE KEY `username` (`username`)
) ENGINE=InnoDB DEFAULT CHARSET=utf8;

#
# Data for table "auth_user"
#


#
# Structure for table "auth_user_groups"
#

CREATE TABLE `auth_user_groups` (
  `id` int(11) NOT NULL AUTO_INCREMENT,
  `user_id` int(11) NOT NULL,
  `group_id` int(11) NOT NULL,
  PRIMARY KEY (`id`),
  UNIQUE KEY `auth_user_groups_user_id_group_id_94350c0c_uniq` (`user_id`,`group_id`),
  KEY `auth_user_groups_group_id_97559544_fk_auth_group_id` (`group_id`),
  CONSTRAINT `auth_user_groups_group_id_97559544_fk_auth_group_id` FOREIGN KEY (`group_id`) REFERENCES `auth_group` (`id`),
  CONSTRAINT `auth_user_groups_user_id_6a12ed8b_fk_auth_user_id` FOREIGN KEY (`user_id`) REFERENCES `auth_user` (`id`)
) ENGINE=InnoDB DEFAULT CHARSET=utf8;

#
# Data for table "auth_user_groups"
#


#
# Structure for table "devices_tmp"
#

CREATE TABLE `devices_tmp` (
  `operation_id` int(11) NOT NULL,
  `device_id` int(11) NOT NULL AUTO_INCREMENT,
  `hostname` varchar(30) NOT NULL,
  `ip` varchar(30) NOT NULL,
  `telnet_port` int(11) DEFAULT NULL,
  `snmp_port` int(11) DEFAULT NULL,
  `snmp_community` varchar(30) DEFAULT NULL,
  `snmp_version` varchar(5) DEFAULT NULL,
  `login_expect` varchar(1000) DEFAULT NULL,
  `status` int(11) DEFAULT NULL,
  `telnet_status` varchar(255) DEFAULT NULL,
  `snmp_status` varchar(255) DEFAULT NULL,
  `device_type` varchar(255) DEFAULT NULL,
  `ostype_id` int(11) NOT NULL,
  PRIMARY KEY (`device_id`)
) ENGINE=InnoDB AUTO_INCREMENT=4 DEFAULT CHARSET=utf8;

#
# Data for table "devices_tmp"
#


#
# Structure for table "django_content_type"
#

CREATE TABLE `django_content_type` (
  `id` int(11) NOT NULL AUTO_INCREMENT,
  `app_label` varchar(100) NOT NULL,
  `model` varchar(100) NOT NULL,
  PRIMARY KEY (`id`),
  UNIQUE KEY `django_content_type_app_label_model_76bd3d3b_uniq` (`app_label`,`model`)
) ENGINE=InnoDB AUTO_INCREMENT=33 DEFAULT CHARSET=utf8;

#
# Data for table "django_content_type"
#

INSERT INTO `django_content_type` VALUES (1,'apolo','collpolicy'),(2,'apolo','mapping'),(3,'apolo','historycliint'),(4,'apolo','event'),(5,'apolo','triggerdetail'),(6,'apolo','collpolicyruletree'),(7,'apolo','historysnmptext'),(8,'apolo','historysnmpint'),(9,'apolo','collpolicygroups'),(10,'apolo','items'),(11,'apolo','datatableitems'),(12,'apolo','policysgroups'),(13,'apolo','historysnmpstr'),(14,'apolo','user'),(15,'apolo','devices'),(16,'apolo','triggers'),(17,'apolo','historysnmpfloat'),(18,'apolo','datatable'),(19,'apolo','historyclistr'),(20,'apolo','historyclifloat'),(21,'apolo','devicesgroups'),(22,'apolo','collpolicyclirule'),(23,'apolo','groups'),(24,'apolo','historyclitext'),(25,'apolo','actions'),(26,'apolo','ostype'),(27,'apolo','functions'),(28,'apolo','schedules'),(29,'auth','group'),(30,'auth','permission'),(31,'auth','user'),(32,'contenttypes','contenttype');

#
# Structure for table "auth_permission"
#

CREATE TABLE `auth_permission` (
  `id` int(11) NOT NULL AUTO_INCREMENT,
  `name` varchar(255) NOT NULL,
  `content_type_id` int(11) NOT NULL,
  `codename` varchar(100) NOT NULL,
  PRIMARY KEY (`id`),
  UNIQUE KEY `auth_permission_content_type_id_codename_01ab375a_uniq` (`content_type_id`,`codename`),
  CONSTRAINT `auth_permission_content_type_id_2f476e4b_fk_django_co` FOREIGN KEY (`content_type_id`) REFERENCES `django_content_type` (`id`)
) ENGINE=InnoDB AUTO_INCREMENT=97 DEFAULT CHARSET=utf8;

#
# Data for table "auth_permission"
#

INSERT INTO `auth_permission` VALUES (1,'Can add coll policy',1,'add_collpolicy'),(2,'Can change coll policy',1,'change_collpolicy'),(3,'Can delete coll policy',1,'delete_collpolicy'),(4,'Can add mapping',2,'add_mapping'),(5,'Can change mapping',2,'change_mapping'),(6,'Can delete mapping',2,'delete_mapping'),(7,'Can add history cli int',3,'add_historycliint'),(8,'Can change history cli int',3,'change_historycliint'),(9,'Can delete history cli int',3,'delete_historycliint'),(10,'Can add event',4,'add_event'),(11,'Can change event',4,'change_event'),(12,'Can delete event',4,'delete_event'),(13,'Can add trigger detail',5,'add_triggerdetail'),(14,'Can change trigger detail',5,'change_triggerdetail'),(15,'Can delete trigger detail',5,'delete_triggerdetail'),(16,'Can add coll policy rule tree',6,'add_collpolicyruletree'),(17,'Can change coll policy rule tree',6,'change_collpolicyruletree'),(18,'Can delete coll policy rule tree',6,'delete_collpolicyruletree'),(19,'Can add history snmp text',7,'add_historysnmptext'),(20,'Can change history snmp text',7,'change_historysnmptext'),(21,'Can delete history snmp text',7,'delete_historysnmptext'),(22,'Can add history snmp int',8,'add_historysnmpint'),(23,'Can change history snmp int',8,'change_historysnmpint'),(24,'Can delete history snmp int',8,'delete_historysnmpint'),(25,'Can add coll policy groups',9,'add_collpolicygroups'),(26,'Can change coll policy groups',9,'change_collpolicygroups'),(27,'Can delete coll policy groups',9,'delete_collpolicygroups'),(28,'Can add items',10,'add_items'),(29,'Can change items',10,'change_items'),(30,'Can delete items',10,'delete_items'),(31,'Can add data table items',11,'add_datatableitems'),(32,'Can change data table items',11,'change_datatableitems'),(33,'Can delete data table items',11,'delete_datatableitems'),(34,'Can add policys groups',12,'add_policysgroups'),(35,'Can change policys groups',12,'change_policysgroups'),(36,'Can delete policys groups',12,'delete_policysgroups'),(37,'Can add history snmp str',13,'add_historysnmpstr'),(38,'Can change history snmp str',13,'change_historysnmpstr'),(39,'Can delete history snmp str',13,'delete_historysnmpstr'),(40,'Can add user',14,'add_user'),(41,'Can change user',14,'change_user'),(42,'Can delete user',14,'delete_user'),(43,'Can add devices',15,'add_devices'),(44,'Can change devices',15,'change_devices'),(45,'Can delete devices',15,'delete_devices'),(46,'Can add triggers',16,'add_triggers'),(47,'Can change triggers',16,'change_triggers'),(48,'Can delete triggers',16,'delete_triggers'),(49,'Can add history snmp float',17,'add_historysnmpfloat'),(50,'Can change history snmp float',17,'change_historysnmpfloat'),(51,'Can delete history snmp float',17,'delete_historysnmpfloat'),(52,'Can add data table',18,'add_datatable'),(53,'Can change data table',18,'change_datatable'),(54,'Can delete data table',18,'delete_datatable'),(55,'Can add history cli str',19,'add_historyclistr'),(56,'Can change history cli str',19,'change_historyclistr'),(57,'Can delete history cli str',19,'delete_historyclistr'),(58,'Can add history cli float',20,'add_historyclifloat'),(59,'Can change history cli float',20,'change_historyclifloat'),(60,'Can delete history cli float',20,'delete_historyclifloat'),(61,'Can add devices groups',21,'add_devicesgroups'),(62,'Can change devices groups',21,'change_devicesgroups'),(63,'Can delete devices groups',21,'delete_devicesgroups'),(64,'Can add coll policy cli rule',22,'add_collpolicyclirule'),(65,'Can change coll policy cli rule',22,'change_collpolicyclirule'),(66,'Can delete coll policy cli rule',22,'delete_collpolicyclirule'),(67,'Can add groups',23,'add_groups'),(68,'Can change groups',23,'change_groups'),(69,'Can delete groups',23,'delete_groups'),(70,'Can add history cli text',24,'add_historyclitext'),(71,'Can change history cli text',24,'change_historyclitext'),(72,'Can delete history cli text',24,'delete_historyclitext'),(73,'Can add actions',25,'add_actions'),(74,'Can change actions',25,'change_actions'),(75,'Can delete actions',25,'delete_actions'),(76,'Can add ostype',26,'add_ostype'),(77,'Can change ostype',26,'change_ostype'),(78,'Can delete ostype',26,'delete_ostype'),(79,'Can add functions',27,'add_functions'),(80,'Can change functions',27,'change_functions'),(81,'Can delete functions',27,'delete_functions'),(82,'Can add schedules',28,'add_schedules'),(83,'Can change schedules',28,'change_schedules'),(84,'Can delete schedules',28,'delete_schedules'),(85,'Can add group',29,'add_group'),(86,'Can change group',29,'change_group'),(87,'Can delete group',29,'delete_group'),(88,'Can add permission',30,'add_permission'),(89,'Can change permission',30,'change_permission'),(90,'Can delete permission',30,'delete_permission'),(91,'Can add user',31,'add_user'),(92,'Can change user',31,'change_user'),(93,'Can delete user',31,'delete_user'),(94,'Can add content type',32,'add_contenttype'),(95,'Can change content type',32,'change_contenttype'),(96,'Can delete content type',32,'delete_contenttype');

#
# Structure for table "auth_user_user_permissions"
#

CREATE TABLE `auth_user_user_permissions` (
  `id` int(11) NOT NULL AUTO_INCREMENT,
  `user_id` int(11) NOT NULL,
  `permission_id` int(11) NOT NULL,
  PRIMARY KEY (`id`),
  UNIQUE KEY `auth_user_user_permissions_user_id_permission_id_14a6b632_uniq` (`user_id`,`permission_id`),
  KEY `auth_user_user_permi_permission_id_1fbb5f2c_fk_auth_perm` (`permission_id`),
  CONSTRAINT `auth_user_user_permi_permission_id_1fbb5f2c_fk_auth_perm` FOREIGN KEY (`permission_id`) REFERENCES `auth_permission` (`id`),
  CONSTRAINT `auth_user_user_permissions_user_id_a95ead1b_fk_auth_user_id` FOREIGN KEY (`user_id`) REFERENCES `auth_user` (`id`)
) ENGINE=InnoDB DEFAULT CHARSET=utf8;

#
# Data for table "auth_user_user_permissions"
#


#
# Structure for table "auth_group_permissions"
#

CREATE TABLE `auth_group_permissions` (
  `id` int(11) NOT NULL AUTO_INCREMENT,
  `group_id` int(11) NOT NULL,
  `permission_id` int(11) NOT NULL,
  PRIMARY KEY (`id`),
  UNIQUE KEY `auth_group_permissions_group_id_permission_id_0cd325b0_uniq` (`group_id`,`permission_id`),
  KEY `auth_group_permissio_permission_id_84c5c92e_fk_auth_perm` (`permission_id`),
  CONSTRAINT `auth_group_permissio_permission_id_84c5c92e_fk_auth_perm` FOREIGN KEY (`permission_id`) REFERENCES `auth_permission` (`id`),
  CONSTRAINT `auth_group_permissions_group_id_b120cbf9_fk_auth_group_id` FOREIGN KEY (`group_id`) REFERENCES `auth_group` (`id`)
) ENGINE=InnoDB DEFAULT CHARSET=utf8;

#
# Data for table "auth_group_permissions"
#


#
# Structure for table "django_migrations"
#

CREATE TABLE `django_migrations` (
  `id` int(11) NOT NULL AUTO_INCREMENT,
  `app` varchar(255) NOT NULL,
  `name` varchar(255) NOT NULL,
  `applied` datetime(6) NOT NULL,
  PRIMARY KEY (`id`)
) ENGINE=InnoDB AUTO_INCREMENT=12 DEFAULT CHARSET=utf8;

#
# Data for table "django_migrations"
#

INSERT INTO `django_migrations` VALUES (1,'apolo','0001_initial','2018-01-04 02:06:40.847000'),(2,'contenttypes','0001_initial','2018-01-04 02:06:50.222000'),(3,'auth','0001_initial','2018-01-04 02:06:51.252000'),(4,'contenttypes','0002_remove_content_type_name','2018-01-04 02:06:51.521000'),(5,'auth','0002_alter_permission_name_max_length','2018-01-04 02:06:51.598000'),(6,'auth','0003_alter_user_email_max_length','2018-01-04 02:06:51.685000'),(7,'auth','0004_alter_user_username_opts','2018-01-04 02:06:51.722000'),(8,'auth','0005_alter_user_last_login_null','2018-01-04 02:06:51.828000'),(9,'auth','0006_require_contenttypes_0002','2018-01-04 02:06:51.847000'),(10,'auth','0007_alter_validators_add_error_messages','2018-01-04 02:06:51.878000'),(11,'auth','0008_alter_user_username_max_length','2018-01-04 02:06:51.961000');

#
# Structure for table "event"
#

CREATE TABLE `event` (
  `event_id` int(11) NOT NULL AUTO_INCREMENT,
  `clock` int(11) DEFAULT NULL,
  `number` int(11) DEFAULT NULL,
  `source` int(11) DEFAULT NULL,
  `value` int(11) DEFAULT NULL,
  `objectid` int(11) DEFAULT NULL,
  PRIMARY KEY (`event_id`)
) ENGINE=InnoDB AUTO_INCREMENT=5131 DEFAULT CHARSET=utf8;

#
# Data for table "event"
#

INSERT INTO `event` VALUES (1,1519632981,1,0,1,1),(2,1519632981,1,0,1,1),(3,1519632981,1,0,1,1),(4,1519632981,0,0,0,1),(5,1519632981,0,0,0,1),(6,1519632986,1,0,1,1),(7,1519632986,1,0,1,1),(8,1519632986,1,0,1,1),(9,1519632986,0,0,0,1),(10,1519632986,0,0,0,1),(11,1519633012,2,0,1,1),(12,1519633012,2,0,1,1),(13,1519633012,2,0,1,1),(14,1519633012,0,0,0,1),(15,1519633012,0,0,0,1),(16,1519633023,1,0,1,1),(17,1519633023,1,0,1,1),(18,1519633023,1,0,1,1),(19,1519633023,0,0,0,1),(20,1519633023,0,0,0,1),(21,1519633091,2,0,1,1),(22,1519633091,2,0,1,1),(23,1519633091,2,0,1,1),(24,1519633091,0,0,0,1),(25,1519633091,0,0,0,1),(26,1519633105,1,0,1,1),(27,1519633105,1,0,1,1),(28,1519633105,1,0,1,1),(29,1519633105,0,0,0,1),(30,1519633105,0,0,0,1),(31,1519634037,2,0,1,1),(32,1519634037,2,0,1,1),(33,1519634037,2,0,1,1),(34,1519634037,0,0,0,1),(35,1519634037,0,0,0,1),(36,1519634037,2,0,1,1),(37,1519634037,2,0,1,1),(38,1519634037,2,0,1,1),(39,1519634037,0,0,0,1),(40,1519634037,0,0,0,1),(41,1519634037,2,0,1,1),(42,1519634037,2,0,1,1),(43,1519634037,2,0,1,1),(44,1519634037,0,0,0,1),(45,1519634037,0,0,0,1),(46,1519634037,2,0,1,1),(47,1519634037,2,0,1,1),(48,1519634037,2,0,1,1),(49,1519634037,0,0,0,1),(50,1519634037,0,0,0,1),(51,1519634037,2,0,1,1),(52,1519634037,2,0,1,1),(53,1519634037,2,0,1,1),(54,1519634037,0,0,0,1),(55,1519634037,0,0,0,1),(56,1519634037,2,0,1,1),(57,1519634037,2,0,1,1),(58,1519634037,2,0,1,1),(59,1519634037,0,0,0,1),(60,1519634037,0,0,0,1),(61,1519634037,2,0,1,1),(62,1519634037,2,0,1,1),(63,1519634037,2,0,1,1),(64,1519634037,0,0,0,1),(65,1519634037,0,0,0,1),(66,1519634037,2,0,1,1),(67,1519634037,2,0,1,1),(68,1519634037,2,0,1,1),(69,1519634037,0,0,0,1),(70,1519634037,0,0,0,1),(71,1519634037,2,0,1,1),(72,1519634037,2,0,1,1),(73,1519634037,2,0,1,1),(74,1519634037,0,0,0,1),(75,1519634037,0,0,0,1),(76,1519634037,2,0,1,1),(77,1519634037,2,0,1,1),(78,1519634037,2,0,1,1),(79,1519634037,0,0,0,1),(80,1519634037,0,0,0,1),(81,1519634037,2,0,1,1),(82,1519634037,2,0,1,1),(83,1519634037,2,0,1,1),(84,1519634037,0,0,0,1),(85,1519634037,0,0,0,1),(86,1519634037,2,0,1,1),(87,1519634037,2,0,1,1),(88,1519634037,2,0,1,1),(89,1519634037,0,0,0,1),(90,1519634037,0,0,0,1),(91,1519634037,2,0,1,1),(92,1519634037,2,0,1,1),(93,1519634037,2,0,1,1),(94,1519634037,0,0,0,1),(95,1519634037,0,0,0,1),(96,1519634037,2,0,1,1),(97,1519634037,2,0,1,1),(98,1519634037,2,0,1,1),(99,1519634037,0,0,0,1),(100,1519634037,0,0,0,1),(101,1519634037,2,0,1,1),(102,1519634037,2,0,1,1),(103,1519634037,2,0,1,1),(104,1519634037,0,0,0,1),(105,1519634037,0,0,0,1),(106,1519634037,2,0,1,1),(107,1519634037,2,0,1,1),(108,1519634037,2,0,1,1),(109,1519634037,0,0,0,1),(110,1519634037,0,0,0,1),(111,1519634037,2,0,1,1),(112,1519634037,2,0,1,1),(113,1519634037,2,0,1,1),(114,1519634037,0,0,0,1),(115,1519634037,0,0,0,1),(116,1519634037,2,0,1,1),(117,1519634037,2,0,1,1),(118,1519634037,2,0,1,1),(119,1519634037,0,0,0,1),(120,1519634037,0,0,0,1),(121,1519634037,2,0,1,1),(122,1519634037,2,0,1,1),(123,1519634037,2,0,1,1),(124,1519634037,0,0,0,1),(125,1519634037,0,0,0,1),(126,1519634037,1,0,1,1),(127,1519634037,1,0,1,1),(128,1519634037,1,0,1,1),(129,1519634037,0,0,0,1),(130,1519634037,0,0,0,1),(131,1519634037,1,0,1,1),(132,1519634037,1,0,1,1),(133,1519634037,1,0,1,1),(134,1519634037,0,0,0,1),(135,1519634037,0,0,0,1),(136,1519634037,1,0,1,1),(137,1519634037,1,0,1,1),(138,1519634037,1,0,1,1),(139,1519634037,0,0,0,1),(140,1519634037,0,0,0,1),(141,1519634037,1,0,1,1),(142,1519634037,1,0,1,1),(143,1519634037,1,0,1,1),(144,1519634037,0,0,0,1),(145,1519634037,0,0,0,1),(146,1519634037,1,0,1,1),(147,1519634037,1,0,1,1),(148,1519634037,1,0,1,1),(149,1519634037,0,0,0,1),(150,1519634037,0,0,0,1),(151,1519634037,1,0,1,1),(152,1519634037,1,0,1,1),(153,1519634037,1,0,1,1),(154,1519634037,0,0,0,1),(155,1519634037,0,0,0,1),(156,1519634037,1,0,1,1),(157,1519634037,1,0,1,1),(158,1519634037,1,0,1,1),(159,1519634037,0,0,0,1),(160,1519634037,0,0,0,1),(161,1519634037,1,0,1,1),(162,1519634037,1,0,1,1),(163,1519634037,1,0,1,1),(164,1519634037,0,0,0,1),(165,1519634037,0,0,0,1),(166,1519634037,1,0,1,1),(167,1519634037,1,0,1,1),(168,1519634037,1,0,1,1),(169,1519634037,0,0,0,1),(170,1519634037,0,0,0,1),(171,1519634037,1,0,1,1),(172,1519634037,1,0,1,1),(173,1519634037,1,0,1,1),(174,1519634037,0,0,0,1),(175,1519634037,0,0,0,1),(176,1519634037,1,0,1,1),(177,1519634037,1,0,1,1),(178,1519634037,1,0,1,1),(179,1519634037,0,0,0,1),(180,1519634037,0,0,0,1),(181,1519634037,1,0,1,1),(182,1519634037,1,0,1,1),(183,1519634037,1,0,1,1),(184,1519634037,0,0,0,1),(185,1519634037,0,0,0,1),(186,1519634037,1,0,1,1),(187,1519634037,1,0,1,1),(188,1519634037,1,0,1,1),(189,1519634037,0,0,0,1),(190,1519634037,0,0,0,1),(191,1519634037,1,0,1,1),(192,1519634037,1,0,1,1),(193,1519634037,1,0,1,1),(194,1519634037,0,0,0,1),(195,1519634037,0,0,0,1),(196,1519634037,1,0,1,1),(197,1519634037,1,0,1,1),(198,1519634037,1,0,1,1),(199,1519634037,0,0,0,1),(200,1519634037,0,0,0,1),(201,1519634037,1,0,1,1),(202,1519634037,1,0,1,1),(203,1519634037,1,0,1,1),(204,1519634037,0,0,0,1),(205,1519634037,0,0,0,1),(206,1519634037,1,0,1,1),(207,1519634037,1,0,1,1),(208,1519634037,1,0,1,1),(209,1519634037,0,0,0,1),(210,1519634037,0,0,0,1),(211,1519634037,1,0,1,1),(212,1519634037,1,0,1,1),(213,1519634037,1,0,1,1),(214,1519634037,0,0,0,1),(215,1519634037,0,0,0,1),(216,1519634037,1,0,1,1),(217,1519634037,1,0,1,1),(218,1519634037,1,0,1,1),(219,1519634037,0,0,0,1),(220,1519634037,0,0,0,1),(221,1519634037,1,0,1,1),(222,1519634037,1,0,1,1),(223,1519634037,1,0,1,1),(224,1519634037,0,0,0,1),(225,1519634037,0,0,0,1),(226,1519634037,1,0,1,1),(227,1519634037,1,0,1,1),(228,1519634037,1,0,1,1),(229,1519634037,0,0,0,1),(230,1519634037,0,0,0,1),(231,1519634037,1,0,1,1),(232,1519634037,1,0,1,1),(233,1519634037,1,0,1,1),(234,1519634037,0,0,0,1),(235,1519634037,0,0,0,1),(236,1519634037,1,0,1,1),(237,1519634037,1,0,1,1),(238,1519634037,1,0,1,1),(239,1519634037,0,0,0,1),(240,1519634037,0,0,0,1),(241,1519634037,1,0,1,1),(242,1519634037,1,0,1,1),(243,1519634037,1,0,1,1),(244,1519634037,0,0,0,1),(245,1519634037,0,0,0,1),(246,1519634037,1,0,1,1),(247,1519634037,1,0,1,1),(248,1519634037,1,0,1,1),(249,1519634037,0,0,0,1),(250,1519634037,0,0,0,1),(251,1519634037,1,0,1,1),(252,1519634037,1,0,1,1),(253,1519634037,1,0,1,1),(254,1519634037,0,0,0,1),(255,1519634037,0,0,0,1),(256,1519634037,1,0,1,1),(257,1519634037,1,0,1,1),(258,1519634037,1,0,1,1),(259,1519634037,0,0,0,1),(260,1519634037,0,0,0,1),(261,1519634037,1,0,1,1),(262,1519634037,1,0,1,1),(263,1519634037,1,0,1,1),(264,1519634037,0,0,0,1),(265,1519634037,0,0,0,1),(266,1519634037,1,0,1,1),(267,1519634037,1,0,1,1),(268,1519634037,1,0,1,1),(269,1519634037,0,0,0,1),(270,1519634037,0,0,0,1),(271,1519634037,1,0,1,1),(272,1519634037,1,0,1,1),(273,1519634037,1,0,1,1),(274,1519634037,0,0,0,1),(275,1519634037,0,0,0,1),(276,1519634037,1,0,1,1),(277,1519634037,1,0,1,1),(278,1519634037,1,0,1,1),(279,1519634037,0,0,0,1),(280,1519634037,0,0,0,1),(281,1519634037,1,0,1,1),(282,1519634037,1,0,1,1),(283,1519634037,1,0,1,1),(284,1519634037,0,0,0,1),(285,1519634037,0,0,0,1),(286,1519634037,1,0,1,1),(287,1519634037,1,0,1,1),(288,1519634037,1,0,1,1),(289,1519634037,0,0,0,1),(290,1519634037,0,0,0,1),(291,1519634037,1,0,1,1),(292,1519634037,1,0,1,1),(293,1519634037,1,0,1,1),(294,1519634037,0,0,0,1),(295,1519634037,0,0,0,1),(296,1519634037,1,0,1,1),(297,1519634037,1,0,1,1),(298,1519634037,1,0,1,1),(299,1519634037,0,0,0,1),(300,1519634037,0,0,0,1),(301,1519634037,1,0,1,1),(302,1519634037,1,0,1,1),(303,1519634037,1,0,1,1),(304,1519634037,0,0,0,1),(305,1519634037,0,0,0,1),(306,1519634037,1,0,1,1),(307,1519634037,1,0,1,1),(308,1519634037,1,0,1,1),(309,1519634037,0,0,0,1),(310,1519634037,0,0,0,1),(311,1519634037,1,0,1,1),(312,1519634037,1,0,1,1),(313,1519634037,1,0,1,1),(314,1519634037,0,0,0,1),(315,1519634037,0,0,0,1),(316,1519634037,1,0,1,1),(317,1519634037,1,0,1,1),(318,1519634037,1,0,1,1),(319,1519634037,0,0,0,1),(320,1519634037,0,0,0,1),(321,1519634037,1,0,1,1),(322,1519634037,1,0,1,1),(323,1519634037,1,0,1,1),(324,1519634037,0,0,0,1),(325,1519634037,0,0,0,1),(326,1519634037,1,0,1,1),(327,1519634037,1,0,1,1),(328,1519634037,1,0,1,1),(329,1519634037,0,0,0,1),(330,1519634037,0,0,0,1),(331,1519634037,1,0,1,1),(332,1519634037,1,0,1,1),(333,1519634037,1,0,1,1),(334,1519634037,0,0,0,1),(335,1519634037,0,0,0,1),(336,1519634037,1,0,1,1),(337,1519634037,1,0,1,1),(338,1519634037,1,0,1,1),(339,1519634037,0,0,0,1),(340,1519634037,0,0,0,1),(341,1519634037,1,0,1,1),(342,1519634037,1,0,1,1),(343,1519634037,1,0,1,1),(344,1519634037,0,0,0,1),(345,1519634037,0,0,0,1),(346,1519634037,1,0,1,1),(347,1519634037,1,0,1,1),(348,1519634037,1,0,1,1),(349,1519634037,0,0,0,1),(350,1519634037,0,0,0,1),(351,1519634037,1,0,1,1),(352,1519634037,1,0,1,1),(353,1519634037,1,0,1,1),(354,1519634037,0,0,0,1),(355,1519634037,0,0,0,1),(356,1519634037,1,0,1,1),(357,1519634037,1,0,1,1),(358,1519634037,1,0,1,1),(359,1519634037,0,0,0,1),(360,1519634037,0,0,0,1),(361,1519634037,1,0,1,1),(362,1519634037,1,0,1,1),(363,1519634037,1,0,1,1),(364,1519634037,0,0,0,1),(365,1519634037,0,0,0,1),(366,1519634037,1,0,1,1),(367,1519634037,1,0,1,1),(368,1519634037,1,0,1,1),(369,1519634037,0,0,0,1),(370,1519634037,0,0,0,1),(371,1519634037,1,0,1,1),(372,1519634037,1,0,1,1),(373,1519634037,1,0,1,1),(374,1519634037,0,0,0,1),(375,1519634037,0,0,0,1),(376,1519634037,1,0,1,1),(377,1519634037,1,0,1,1),(378,1519634037,1,0,1,1),(379,1519634037,0,0,0,1),(380,1519634037,0,0,0,1),(381,1519634037,1,0,1,1),(382,1519634037,1,0,1,1),(383,1519634037,1,0,1,1),(384,1519634037,0,0,0,1),(385,1519634037,0,0,0,1),(386,1519634037,1,0,1,1),(387,1519634037,1,0,1,1),(388,1519634037,1,0,1,1),(389,1519634037,0,0,0,1),(390,1519634037,0,0,0,1),(391,1519634037,1,0,1,1),(392,1519634037,1,0,1,1),(393,1519634037,1,0,1,1),(394,1519634037,0,0,0,1),(395,1519634037,0,0,0,1),(396,1519634037,1,0,1,1),(397,1519634037,1,0,1,1),(398,1519634037,1,0,1,1),(399,1519634037,0,0,0,1),(400,1519634037,0,0,0,1),(401,1519634037,1,0,1,1),(402,1519634037,1,0,1,1),(403,1519634037,1,0,1,1),(404,1519634037,0,0,0,1),(405,1519634037,0,0,0,1),(406,1519634037,1,0,1,1),(407,1519634037,1,0,1,1),(408,1519634037,1,0,1,1),(409,1519634037,0,0,0,1),(410,1519634037,0,0,0,1),(411,1519634037,1,0,1,1),(412,1519634037,1,0,1,1),(413,1519634037,1,0,1,1),(414,1519634037,0,0,0,1),(415,1519634037,0,0,0,1),(416,1519634037,1,0,1,1),(417,1519634037,1,0,1,1),(418,1519634037,1,0,1,1),(419,1519634037,0,0,0,1),(420,1519634037,0,0,0,1),(421,1519634037,1,0,1,1),(422,1519634037,1,0,1,1),(423,1519634037,1,0,1,1),(424,1519634037,0,0,0,1),(425,1519634037,0,0,0,1),(426,1519634037,1,0,1,1),(427,1519634037,1,0,1,1),(428,1519634037,1,0,1,1),(429,1519634037,0,0,0,1),(430,1519634037,0,0,0,1),(431,1519634037,1,0,1,1),(432,1519634037,1,0,1,1),(433,1519634037,1,0,1,1),(434,1519634037,0,0,0,1),(435,1519634037,0,0,0,1),(436,1519634037,1,0,1,1),(437,1519634037,1,0,1,1),(438,1519634037,1,0,1,1),(439,1519634037,0,0,0,1),(440,1519634037,0,0,0,1),(441,1519634037,1,0,1,1),(442,1519634037,1,0,1,1),(443,1519634037,1,0,1,1),(444,1519634037,0,0,0,1),(445,1519634037,0,0,0,1),(446,1519634037,1,0,1,1),(447,1519634037,1,0,1,1),(448,1519634037,1,0,1,1),(449,1519634037,0,0,0,1),(450,1519634037,0,0,0,1),(451,1519634037,1,0,1,1),(452,1519634037,1,0,1,1),(453,1519634037,1,0,1,1),(454,1519634037,0,0,0,1),(455,1519634037,0,0,0,1),(456,1519634037,1,0,1,1),(457,1519634037,1,0,1,1),(458,1519634037,1,0,1,1),(459,1519634037,0,0,0,1),(460,1519634037,0,0,0,1),(461,1519634037,1,0,1,1),(462,1519634037,1,0,1,1),(463,1519634037,1,0,1,1),(464,1519634037,0,0,0,1),(465,1519634037,0,0,0,1),(466,1519634037,1,0,1,1),(467,1519634037,1,0,1,1),(468,1519634037,1,0,1,1),(469,1519634037,0,0,0,1),(470,1519634037,0,0,0,1),(471,1519634037,1,0,1,1),(472,1519634037,1,0,1,1),(473,1519634037,1,0,1,1),(474,1519634037,0,0,0,1),(475,1519634037,0,0,0,1),(476,1519634037,1,0,1,1),(477,1519634037,1,0,1,1),(478,1519634037,1,0,1,1),(479,1519634037,0,0,0,1),(480,1519634037,0,0,0,1),(481,1519634037,1,0,1,1),(482,1519634037,1,0,1,1),(483,1519634037,1,0,1,1),(484,1519634037,0,0,0,1),(485,1519634037,0,0,0,1),(486,1519634037,1,0,1,1),(487,1519634037,1,0,1,1),(488,1519634037,1,0,1,1),(489,1519634037,0,0,0,1),(490,1519634037,0,0,0,1),(491,1519634037,1,0,1,1),(492,1519634037,1,0,1,1),(493,1519634037,1,0,1,1),(494,1519634037,0,0,0,1),(495,1519634037,0,0,0,1),(496,1519634037,1,0,1,1),(497,1519634037,1,0,1,1),(498,1519634037,1,0,1,1),(499,1519634037,0,0,0,1),(500,1519634037,0,0,0,1),(501,1519634037,1,0,1,1),(502,1519634037,1,0,1,1),(503,1519634037,1,0,1,1),(504,1519634037,0,0,0,1),(505,1519634037,0,0,0,1),(506,1519634037,1,0,1,1),(507,1519634037,1,0,1,1),(508,1519634037,1,0,1,1),(509,1519634037,0,0,0,1),(510,1519634037,0,0,0,1),(511,1519634037,1,0,1,1),(512,1519634037,1,0,1,1),(513,1519634037,1,0,1,1),(514,1519634037,0,0,0,1),(515,1519634037,0,0,0,1),(516,1519634037,1,0,1,1),(517,1519634037,1,0,1,1),(518,1519634037,1,0,1,1),(519,1519634037,0,0,0,1),(520,1519634037,0,0,0,1),(521,1519634037,1,0,1,1),(522,1519634037,1,0,1,1),(523,1519634037,1,0,1,1),(524,1519634037,0,0,0,1),(525,1519634037,0,0,0,1),(526,1519634037,1,0,1,1),(527,1519634037,1,0,1,1),(528,1519634037,1,0,1,1),(529,1519634037,0,0,0,1),(530,1519634037,0,0,0,1),(531,1519634037,1,0,1,1),(532,1519634037,1,0,1,1),(533,1519634037,1,0,1,1),(534,1519634037,0,0,0,1),(535,1519634037,0,0,0,1),(536,1519634037,1,0,1,1),(537,1519634037,1,0,1,1),(538,1519634037,1,0,1,1),(539,1519634037,0,0,0,1),(540,1519634037,0,0,0,1),(541,1519634037,1,0,1,1),(542,1519634037,1,0,1,1),(543,1519634037,1,0,1,1),(544,1519634037,0,0,0,1),(545,1519634037,0,0,0,1),(546,1519634037,1,0,1,1),(547,1519634037,1,0,1,1),(548,1519634037,1,0,1,1),(549,1519634037,0,0,0,1),(550,1519634037,0,0,0,1),(551,1519634037,1,0,1,1),(552,1519634037,1,0,1,1),(553,1519634037,1,0,1,1),(554,1519634037,0,0,0,1),(555,1519634037,0,0,0,1),(556,1519634037,1,0,1,1),(557,1519634037,1,0,1,1),(558,1519634037,1,0,1,1),(559,1519634037,0,0,0,1),(560,1519634037,0,0,0,1),(561,1519634037,1,0,1,1),(562,1519634037,1,0,1,1),(563,1519634037,1,0,1,1),(564,1519634037,0,0,0,1),(565,1519634037,0,0,0,1),(566,1519634037,1,0,1,1),(567,1519634037,1,0,1,1),(568,1519634037,1,0,1,1),(569,1519634037,0,0,0,1),(570,1519634037,0,0,0,1),(571,1519634037,1,0,1,1),(572,1519634037,1,0,1,1),(573,1519634037,1,0,1,1),(574,1519634037,0,0,0,1),(575,1519634037,0,0,0,1),(576,1519634037,1,0,1,1),(577,1519634037,1,0,1,1),(578,1519634037,1,0,1,1),(579,1519634037,0,0,0,1),(580,1519634037,0,0,0,1),(581,1519634037,1,0,1,1),(582,1519634037,1,0,1,1),(583,1519634037,1,0,1,1),(584,1519634037,0,0,0,1),(585,1519634037,0,0,0,1),(586,1519634037,1,0,1,1),(587,1519634037,1,0,1,1),(588,1519634037,1,0,1,1),(589,1519634037,0,0,0,1),(590,1519634037,0,0,0,1),(591,1519634037,1,0,1,1),(592,1519634037,1,0,1,1),(593,1519634037,1,0,1,1),(594,1519634037,0,0,0,1),(595,1519634037,0,0,0,1),(596,1519634037,1,0,1,1),(597,1519634037,1,0,1,1),(598,1519634037,1,0,1,1),(599,1519634037,0,0,0,1),(600,1519634037,0,0,0,1),(601,1519634037,1,0,1,1),(602,1519634037,1,0,1,1),(603,1519634037,1,0,1,1),(604,1519634037,0,0,0,1),(605,1519634037,0,0,0,1),(606,1519634037,1,0,1,1),(607,1519634037,1,0,1,1),(608,1519634037,1,0,1,1),(609,1519634037,0,0,0,1),(610,1519634037,0,0,0,1),(611,1519634037,1,0,1,1),(612,1519634037,1,0,1,1),(613,1519634037,1,0,1,1),(614,1519634037,0,0,0,1),(615,1519634037,0,0,0,1),(616,1519634037,1,0,1,1),(617,1519634037,1,0,1,1),(618,1519634037,1,0,1,1),(619,1519634037,0,0,0,1),(620,1519634037,0,0,0,1),(621,1519634037,1,0,1,1),(622,1519634037,1,0,1,1),(623,1519634037,1,0,1,1),(624,1519634037,0,0,0,1),(625,1519634037,0,0,0,1),(626,1519634037,1,0,1,1),(627,1519634037,1,0,1,1),(628,1519634037,1,0,1,1),(629,1519634037,0,0,0,1),(630,1519634037,0,0,0,1),(631,1519634037,1,0,1,1),(632,1519634037,1,0,1,1),(633,1519634037,1,0,1,1),(634,1519634037,0,0,0,1),(635,1519634037,0,0,0,1),(636,1519634037,1,0,1,1),(637,1519634037,1,0,1,1),(638,1519634037,1,0,1,1),(639,1519634037,0,0,0,1),(640,1519634037,0,0,0,1),(641,1519634037,1,0,1,1),(642,1519634037,1,0,1,1),(643,1519634037,1,0,1,1),(644,1519634037,0,0,0,1),(645,1519634037,0,0,0,1),(646,1519634037,1,0,1,1),(647,1519634037,1,0,1,1),(648,1519634037,1,0,1,1),(649,1519634037,0,0,0,1),(650,1519634037,0,0,0,1),(651,1519634037,1,0,1,1),(652,1519634037,1,0,1,1),(653,1519634037,1,0,1,1),(654,1519634037,0,0,0,1),(655,1519634037,0,0,0,1),(656,1519634037,1,0,1,1),(657,1519634037,1,0,1,1),(658,1519634037,1,0,1,1),(659,1519634037,0,0,0,1),(660,1519634037,0,0,0,1),(661,1519634037,1,0,1,1),(662,1519634037,1,0,1,1),(663,1519634037,1,0,1,1),(664,1519634037,0,0,0,1),(665,1519634037,0,0,0,1),(666,1519634037,1,0,1,1),(667,1519634037,1,0,1,1),(668,1519634037,1,0,1,1),(669,1519634037,0,0,0,1),(670,1519634037,0,0,0,1),(671,1519634037,1,0,1,1),(672,1519634037,1,0,1,1),(673,1519634037,1,0,1,1),(674,1519634037,0,0,0,1),(675,1519634037,0,0,0,1),(676,1519634037,1,0,1,1),(677,1519634037,1,0,1,1),(678,1519634037,1,0,1,1),(679,1519634037,0,0,0,1),(680,1519634037,0,0,0,1),(681,1519634037,1,0,1,1),(682,1519634037,1,0,1,1),(683,1519634037,1,0,1,1),(684,1519634037,0,0,0,1),(685,1519634037,0,0,0,1),(686,1519634037,1,0,1,1),(687,1519634037,1,0,1,1),(688,1519634037,1,0,1,1),(689,1519634037,0,0,0,1),(690,1519634037,0,0,0,1),(691,1519634037,1,0,1,1),(692,1519634037,1,0,1,1),(693,1519634037,1,0,1,1),(694,1519634037,0,0,0,1),(695,1519634037,0,0,0,1),(696,1519634037,1,0,1,1),(697,1519634037,1,0,1,1),(698,1519634037,1,0,1,1),(699,1519634037,0,0,0,1),(700,1519634037,0,0,0,1),(701,1519634037,1,0,1,1),(702,1519634037,1,0,1,1),(703,1519634037,1,0,1,1),(704,1519634037,0,0,0,1),(705,1519634037,0,0,0,1),(706,1519634037,1,0,1,1),(707,1519634037,1,0,1,1),(708,1519634037,1,0,1,1),(709,1519634037,0,0,0,1),(710,1519634037,0,0,0,1),(711,1519634037,1,0,1,1),(712,1519634037,1,0,1,1),(713,1519634037,1,0,1,1),(714,1519634037,0,0,0,1),(715,1519634037,0,0,0,1),(716,1519634037,1,0,1,1),(717,1519634037,1,0,1,1),(718,1519634037,1,0,1,1),(719,1519634037,0,0,0,1),(720,1519634037,0,0,0,1),(721,1519634037,1,0,1,1),(722,1519634037,1,0,1,1),(723,1519634037,1,0,1,1),(724,1519634037,0,0,0,1),(725,1519634037,0,0,0,1),(726,1519634037,1,0,1,1),(727,1519634037,1,0,1,1),(728,1519634037,1,0,1,1),(729,1519634037,0,0,0,1),(730,1519634037,0,0,0,1),(731,1519634037,1,0,1,1),(732,1519634037,1,0,1,1),(733,1519634037,1,0,1,1),(734,1519634037,0,0,0,1),(735,1519634037,0,0,0,1),(736,1519634037,1,0,1,1),(737,1519634037,1,0,1,1),(738,1519634037,1,0,1,1),(739,1519634037,0,0,0,1),(740,1519634037,0,0,0,1),(741,1519634037,1,0,1,1),(742,1519634037,1,0,1,1),(743,1519634037,1,0,1,1),(744,1519634037,0,0,0,1),(745,1519634037,0,0,0,1),(746,1519634037,1,0,1,1),(747,1519634037,1,0,1,1),(748,1519634037,1,0,1,1),(749,1519634037,0,0,0,1),(750,1519634037,0,0,0,1),(751,1519634037,1,0,1,1),(752,1519634037,1,0,1,1),(753,1519634037,1,0,1,1),(754,1519634037,0,0,0,1),(755,1519634037,0,0,0,1),(756,1519634037,1,0,1,1),(757,1519634037,1,0,1,1),(758,1519634037,1,0,1,1),(759,1519634037,0,0,0,1),(760,1519634037,0,0,0,1),(761,1519634037,1,0,1,1),(762,1519634037,1,0,1,1),(763,1519634037,1,0,1,1),(764,1519634037,0,0,0,1),(765,1519634037,0,0,0,1),(766,1519634037,1,0,1,1),(767,1519634037,1,0,1,1),(768,1519634037,1,0,1,1),(769,1519634037,0,0,0,1),(770,1519634037,0,0,0,1),(771,1519634037,1,0,1,1),(772,1519634037,1,0,1,1),(773,1519634037,1,0,1,1),(774,1519634037,0,0,0,1),(775,1519634037,0,0,0,1),(776,1519634037,1,0,1,1),(777,1519634037,1,0,1,1),(778,1519634037,1,0,1,1),(779,1519634037,0,0,0,1),(780,1519634037,0,0,0,1),(781,1519634037,1,0,1,1),(782,1519634037,1,0,1,1),(783,1519634037,1,0,1,1),(784,1519634037,0,0,0,1),(785,1519634037,0,0,0,1),(786,1519634037,1,0,1,1),(787,1519634037,1,0,1,1),(788,1519634037,1,0,1,1),(789,1519634037,0,0,0,1),(790,1519634037,0,0,0,1),(791,1519634037,1,0,1,1),(792,1519634037,1,0,1,1),(793,1519634037,1,0,1,1),(794,1519634037,0,0,0,1),(795,1519634037,0,0,0,1),(796,1519634037,1,0,1,1),(797,1519634037,1,0,1,1),(798,1519634037,1,0,1,1),(799,1519634037,0,0,0,1),(800,1519634037,0,0,0,1),(801,1519634037,1,0,1,1),(802,1519634037,1,0,1,1),(803,1519634037,1,0,1,1),(804,1519634037,0,0,0,1),(805,1519634037,0,0,0,1),(806,1519634037,1,0,1,1),(807,1519634037,1,0,1,1),(808,1519634037,1,0,1,1),(809,1519634037,0,0,0,1),(810,1519634037,0,0,0,1),(811,1519634037,1,0,1,1),(812,1519634037,1,0,1,1),(813,1519634037,1,0,1,1),(814,1519634037,0,0,0,1),(815,1519634037,0,0,0,1),(816,1519634037,1,0,1,1),(817,1519634037,1,0,1,1),(818,1519634037,1,0,1,1),(819,1519634037,0,0,0,1),(820,1519634037,0,0,0,1),(821,1519634037,1,0,1,1),(822,1519634037,1,0,1,1),(823,1519634037,1,0,1,1),(824,1519634037,0,0,0,1),(825,1519634037,0,0,0,1),(826,1519634037,1,0,1,1),(827,1519634037,1,0,1,1),(828,1519634037,1,0,1,1),(829,1519634037,0,0,0,1),(830,1519634037,0,0,0,1),(831,1519634037,1,0,1,1),(832,1519634037,1,0,1,1),(833,1519634037,1,0,1,1),(834,1519634037,0,0,0,1),(835,1519634037,0,0,0,1),(836,1519634037,1,0,1,1),(837,1519634037,1,0,1,1),(838,1519634037,1,0,1,1),(839,1519634037,0,0,0,1),(840,1519634037,0,0,0,1),(841,1519634037,1,0,1,1),(842,1519634037,1,0,1,1),(843,1519634037,1,0,1,1),(844,1519634037,0,0,0,1),(845,1519634037,0,0,0,1),(846,1519634037,1,0,1,1),(847,1519634037,1,0,1,1),(848,1519634037,1,0,1,1),(849,1519634037,0,0,0,1),(850,1519634037,0,0,0,1),(851,1519634037,1,0,1,1),(852,1519634037,1,0,1,1),(853,1519634037,1,0,1,1),(854,1519634037,0,0,0,1),(855,1519634037,0,0,0,1),(856,1519634037,1,0,1,1),(857,1519634037,1,0,1,1),(858,1519634037,1,0,1,1),(859,1519634037,0,0,0,1),(860,1519634037,0,0,0,1),(861,1519634037,1,0,1,1),(862,1519634037,1,0,1,1),(863,1519634037,1,0,1,1),(864,1519634037,0,0,0,1),(865,1519634037,0,0,0,1),(866,1519634037,1,0,1,1),(867,1519634037,1,0,1,1),(868,1519634037,1,0,1,1),(869,1519634037,0,0,0,1),(870,1519634037,0,0,0,1),(871,1519634037,1,0,1,1),(872,1519634037,1,0,1,1),(873,1519634037,1,0,1,1),(874,1519634037,0,0,0,1),(875,1519634037,0,0,0,1),(876,1519634037,1,0,1,1),(877,1519634037,1,0,1,1),(878,1519634037,1,0,1,1),(879,1519634037,0,0,0,1),(880,1519634037,0,0,0,1),(881,1519634037,1,0,1,1),(882,1519634037,1,0,1,1),(883,1519634037,1,0,1,1),(884,1519634037,0,0,0,1),(885,1519634037,0,0,0,1),(886,1519634037,1,0,1,1),(887,1519634037,1,0,1,1),(888,1519634037,1,0,1,1),(889,1519634037,0,0,0,1),(890,1519634037,0,0,0,1),(891,1519634037,1,0,1,1),(892,1519634037,1,0,1,1),(893,1519634037,1,0,1,1),(894,1519634037,0,0,0,1),(895,1519634037,0,0,0,1),(896,1519634037,1,0,1,1),(897,1519634037,1,0,1,1),(898,1519634037,1,0,1,1),(899,1519634037,0,0,0,1),(900,1519634037,0,0,0,1),(901,1519634037,1,0,1,1),(902,1519634037,1,0,1,1),(903,1519634037,1,0,1,1),(904,1519634037,0,0,0,1),(905,1519634037,0,0,0,1),(906,1519634037,1,0,1,1),(907,1519634037,1,0,1,1),(908,1519634037,1,0,1,1),(909,1519634037,0,0,0,1),(910,1519634037,0,0,0,1),(911,1519634037,1,0,1,1),(912,1519634037,1,0,1,1),(913,1519634037,1,0,1,1),(914,1519634037,0,0,0,1),(915,1519634037,0,0,0,1),(916,1519634037,1,0,1,1),(917,1519634037,1,0,1,1),(918,1519634037,1,0,1,1),(919,1519634037,0,0,0,1),(920,1519634037,0,0,0,1),(921,1519634037,1,0,1,1),(922,1519634037,1,0,1,1),(923,1519634037,1,0,1,1),(924,1519634037,0,0,0,1),(925,1519634037,0,0,0,1),(926,1519634037,1,0,1,1),(927,1519634037,1,0,1,1),(928,1519634037,1,0,1,1),(929,1519634037,0,0,0,1),(930,1519634037,0,0,0,1),(931,1519634037,1,0,1,1),(932,1519634037,1,0,1,1),(933,1519634037,1,0,1,1),(934,1519634037,0,0,0,1),(935,1519634037,0,0,0,1),(936,1519634037,1,0,1,1),(937,1519634037,1,0,1,1),(938,1519634037,1,0,1,1),(939,1519634037,0,0,0,1),(940,1519634037,0,0,0,1),(941,1519634037,1,0,1,1),(942,1519634037,1,0,1,1),(943,1519634037,1,0,1,1),(944,1519634037,0,0,0,1),(945,1519634037,0,0,0,1),(946,1519634037,1,0,1,1),(947,1519634037,1,0,1,1),(948,1519634037,1,0,1,1),(949,1519634037,0,0,0,1),(950,1519634037,0,0,0,1),(951,1519634037,1,0,1,1),(952,1519634037,1,0,1,1),(953,1519634037,1,0,1,1),(954,1519634037,0,0,0,1),(955,1519634037,0,0,0,1),(956,1519634037,1,0,1,1),(957,1519634037,1,0,1,1),(958,1519634037,1,0,1,1),(959,1519634037,0,0,0,1),(960,1519634037,0,0,0,1),(961,1519634037,1,0,1,1),(962,1519634037,1,0,1,1),(963,1519634037,1,0,1,1),(964,1519634037,0,0,0,1),(965,1519634037,0,0,0,1),(966,1519634037,1,0,1,1),(967,1519634037,1,0,1,1),(968,1519634037,1,0,1,1),(969,1519634037,0,0,0,1),(970,1519634037,0,0,0,1),(971,1519634037,1,0,1,1),(972,1519634037,1,0,1,1),(973,1519634037,1,0,1,1),(974,1519634037,0,0,0,1),(975,1519634037,0,0,0,1),(976,1519634037,1,0,1,1),(977,1519634037,1,0,1,1),(978,1519634037,1,0,1,1),(979,1519634037,0,0,0,1),(980,1519634037,0,0,0,1),(981,1519634037,1,0,1,1),(982,1519634037,1,0,1,1),(983,1519634037,1,0,1,1),(984,1519634037,0,0,0,1),(985,1519634037,0,0,0,1),(986,1519634037,1,0,1,1),(987,1519634037,1,0,1,1),(988,1519634037,1,0,1,1),(989,1519634037,0,0,0,1),(990,1519634037,0,0,0,1),(991,1519634037,1,0,1,1),(992,1519634037,1,0,1,1),(993,1519634037,1,0,1,1),(994,1519634037,0,0,0,1),(995,1519634037,0,0,0,1),(996,1519634037,1,0,1,1),(997,1519634037,1,0,1,1),(998,1519634037,1,0,1,1),(999,1519634037,0,0,0,1),(1000,1519634037,0,0,0,1),(1001,1519634037,1,0,1,1),(1002,1519634037,1,0,1,1),(1003,1519634037,1,0,1,1),(1004,1519634037,0,0,0,1),(1005,1519634037,0,0,0,1),(1006,1519634037,1,0,1,1),(1007,1519634037,1,0,1,1),(1008,1519634037,1,0,1,1),(1009,1519634037,0,0,0,1),(1010,1519634037,0,0,0,1),(1011,1519634037,1,0,1,1),(1012,1519634037,1,0,1,1),(1013,1519634037,1,0,1,1),(1014,1519634037,0,0,0,1),(1015,1519634037,0,0,0,1),(1016,1519634037,1,0,1,1),(1017,1519634037,1,0,1,1),(1018,1519634037,1,0,1,1),(1019,1519634037,0,0,0,1),(1020,1519634037,0,0,0,1),(1021,1519634037,1,0,1,1),(1022,1519634037,1,0,1,1),(1023,1519634037,1,0,1,1),(1024,1519634037,0,0,0,1),(1025,1519634037,0,0,0,1),(1026,1519634037,1,0,1,1),(1027,1519634037,1,0,1,1),(1028,1519634037,1,0,1,1),(1029,1519634037,0,0,0,1),(1030,1519634037,0,0,0,1),(1031,1519634037,1,0,1,1),(1032,1519634037,1,0,1,1),(1033,1519634037,1,0,1,1),(1034,1519634037,0,0,0,1),(1035,1519634037,0,0,0,1),(1036,1519634037,1,0,1,1),(1037,1519634037,1,0,1,1),(1038,1519634037,1,0,1,1),(1039,1519634037,0,0,0,1),(1040,1519634037,0,0,0,1),(1041,1519634037,1,0,1,1),(1042,1519634037,1,0,1,1),(1043,1519634037,1,0,1,1),(1044,1519634037,0,0,0,1),(1045,1519634037,0,0,0,1),(1046,1519634037,1,0,1,1),(1047,1519634037,1,0,1,1),(1048,1519634037,1,0,1,1),(1049,1519634037,0,0,0,1),(1050,1519634037,0,0,0,1),(1051,1519634037,1,0,1,1),(1052,1519634037,1,0,1,1),(1053,1519634037,1,0,1,1),(1054,1519634037,0,0,0,1),(1055,1519634037,0,0,0,1),(1056,1519634037,1,0,1,1),(1057,1519634037,1,0,1,1),(1058,1519634037,1,0,1,1),(1059,1519634037,0,0,0,1),(1060,1519634037,0,0,0,1),(1061,1519634037,1,0,1,1),(1062,1519634037,1,0,1,1),(1063,1519634037,1,0,1,1),(1064,1519634037,0,0,0,1),(1065,1519634037,0,0,0,1),(1066,1519634037,1,0,1,1),(1067,1519634037,1,0,1,1),(1068,1519634037,1,0,1,1),(1069,1519634037,0,0,0,1),(1070,1519634037,0,0,0,1),(1071,1519634037,1,0,1,1),(1072,1519634037,1,0,1,1),(1073,1519634037,1,0,1,1),(1074,1519634037,0,0,0,1),(1075,1519634037,0,0,0,1),(1076,1519634037,1,0,1,1),(1077,1519634037,1,0,1,1),(1078,1519634037,1,0,1,1),(1079,1519634037,0,0,0,1),(1080,1519634037,0,0,0,1),(1081,1519634037,1,0,1,1),(1082,1519634037,1,0,1,1),(1083,1519634037,1,0,1,1),(1084,1519634037,0,0,0,1),(1085,1519634037,0,0,0,1),(1086,1519634037,1,0,1,1),(1087,1519634037,1,0,1,1),(1088,1519634037,1,0,1,1),(1089,1519634037,0,0,0,1),(1090,1519634037,0,0,0,1),(1091,1519634037,1,0,1,1),(1092,1519634037,1,0,1,1),(1093,1519634037,1,0,1,1),(1094,1519634037,0,0,0,1),(1095,1519634037,0,0,0,1),(1096,1519634037,1,0,1,1),(1097,1519634037,1,0,1,1),(1098,1519634037,1,0,1,1),(1099,1519634037,0,0,0,1),(1100,1519634037,0,0,0,1),(1101,1519634037,1,0,1,1),(1102,1519634037,1,0,1,1),(1103,1519634037,1,0,1,1),(1104,1519634037,0,0,0,1),(1105,1519634037,0,0,0,1),(1106,1519634037,1,0,1,1),(1107,1519634037,1,0,1,1),(1108,1519634037,1,0,1,1),(1109,1519634037,0,0,0,1),(1110,1519634037,0,0,0,1),(1111,1519634037,1,0,1,1),(1112,1519634037,1,0,1,1),(1113,1519634037,1,0,1,1),(1114,1519634037,0,0,0,1),(1115,1519634037,0,0,0,1),(1116,1519634037,1,0,1,1),(1117,1519634037,1,0,1,1),(1118,1519634037,1,0,1,1),(1119,1519634037,0,0,0,1),(1120,1519634037,0,0,0,1),(1121,1519634037,1,0,1,1),(1122,1519634037,1,0,1,1),(1123,1519634037,1,0,1,1),(1124,1519634037,0,0,0,1),(1125,1519634037,0,0,0,1),(1126,1519634037,1,0,1,1),(1127,1519634037,1,0,1,1),(1128,1519634037,1,0,1,1),(1129,1519634037,0,0,0,1),(1130,1519634037,0,0,0,1),(1131,1519634037,1,0,1,1),(1132,1519634037,1,0,1,1),(1133,1519634037,1,0,1,1),(1134,1519634037,0,0,0,1),(1135,1519634037,0,0,0,1),(1136,1519634037,1,0,1,1),(1137,1519634037,1,0,1,1),(1138,1519634037,1,0,1,1),(1139,1519634037,0,0,0,1),(1140,1519634037,0,0,0,1),(1141,1519634037,1,0,1,1),(1142,1519634037,1,0,1,1),(1143,1519634037,1,0,1,1),(1144,1519634037,0,0,0,1),(1145,1519634037,0,0,0,1),(1146,1519634037,1,0,1,1),(1147,1519634037,1,0,1,1),(1148,1519634037,1,0,1,1),(1149,1519634037,0,0,0,1),(1150,1519634037,0,0,0,1),(1151,1519634037,1,0,1,1),(1152,1519634037,1,0,1,1),(1153,1519634037,1,0,1,1),(1154,1519634037,0,0,0,1),(1155,1519634037,0,0,0,1),(1156,1519634037,1,0,1,1),(1157,1519634037,1,0,1,1),(1158,1519634037,1,0,1,1),(1159,1519634037,0,0,0,1),(1160,1519634037,0,0,0,1),(1161,1519634037,1,0,1,1),(1162,1519634037,1,0,1,1),(1163,1519634037,1,0,1,1),(1164,1519634037,0,0,0,1),(1165,1519634037,0,0,0,1),(1166,1519634037,1,0,1,1),(1167,1519634037,1,0,1,1),(1168,1519634037,1,0,1,1),(1169,1519634037,0,0,0,1),(1170,1519634037,0,0,0,1),(1171,1519634037,1,0,1,1),(1172,1519634037,1,0,1,1),(1173,1519634037,1,0,1,1),(1174,1519634037,0,0,0,1),(1175,1519634037,0,0,0,1),(1176,1519634037,1,0,1,1),(1177,1519634037,1,0,1,1),(1178,1519634037,1,0,1,1),(1179,1519634037,0,0,0,1),(1180,1519634037,0,0,0,1),(1181,1519634037,1,0,1,1),(1182,1519634037,1,0,1,1),(1183,1519634037,1,0,1,1),(1184,1519634037,0,0,0,1),(1185,1519634037,0,0,0,1),(1186,1519634037,1,0,1,1),(1187,1519634037,1,0,1,1),(1188,1519634037,1,0,1,1),(1189,1519634037,0,0,0,1),(1190,1519634037,0,0,0,1),(1191,1519634037,1,0,1,1),(1192,1519634037,1,0,1,1),(1193,1519634037,1,0,1,1),(1194,1519634037,0,0,0,1),(1195,1519634037,0,0,0,1),(1196,1519634037,1,0,1,1),(1197,1519634037,1,0,1,1),(1198,1519634037,1,0,1,1),(1199,1519634037,0,0,0,1),(1200,1519634037,0,0,0,1),(1201,1519634037,1,0,1,1),(1202,1519634037,1,0,1,1),(1203,1519634037,1,0,1,1),(1204,1519634037,0,0,0,1),(1205,1519634037,0,0,0,1),(1206,1519634037,1,0,1,1),(1207,1519634037,1,0,1,1),(1208,1519634037,1,0,1,1),(1209,1519634037,0,0,0,1),(1210,1519634037,0,0,0,1),(1211,1519634037,1,0,1,1),(1212,1519634037,1,0,1,1),(1213,1519634037,1,0,1,1),(1214,1519634037,0,0,0,1),(1215,1519634037,0,0,0,1),(1216,1519634037,1,0,1,1),(1217,1519634037,1,0,1,1),(1218,1519634037,1,0,1,1),(1219,1519634037,0,0,0,1),(1220,1519634037,0,0,0,1),(1221,1519634037,1,0,1,1),(1222,1519634037,1,0,1,1),(1223,1519634037,1,0,1,1),(1224,1519634037,0,0,0,1),(1225,1519634037,0,0,0,1),(1226,1519634037,1,0,1,1),(1227,1519634037,1,0,1,1),(1228,1519634037,1,0,1,1),(1229,1519634037,0,0,0,1),(1230,1519634037,0,0,0,1),(1231,1519634037,1,0,1,1),(1232,1519634037,1,0,1,1),(1233,1519634037,1,0,1,1),(1234,1519634037,0,0,0,1),(1235,1519634037,0,0,0,1),(1236,1519634037,1,0,1,1),(1237,1519634037,1,0,1,1),(1238,1519634037,1,0,1,1),(1239,1519634037,0,0,0,1),(1240,1519634037,0,0,0,1),(1241,1519634037,1,0,1,1),(1242,1519634037,1,0,1,1),(1243,1519634037,1,0,1,1),(1244,1519634037,0,0,0,1),(1245,1519634037,0,0,0,1),(1246,1519634037,1,0,1,1),(1247,1519634037,1,0,1,1),(1248,1519634037,1,0,1,1),(1249,1519634037,0,0,0,1),(1250,1519634037,0,0,0,1),(1251,1519634037,1,0,1,1),(1252,1519634037,1,0,1,1),(1253,1519634037,1,0,1,1),(1254,1519634037,0,0,0,1),(1255,1519634037,0,0,0,1),(1256,1519634037,1,0,1,1),(1257,1519634037,1,0,1,1),(1258,1519634037,1,0,1,1),(1259,1519634037,0,0,0,1),(1260,1519634037,0,0,0,1),(1261,1519634037,1,0,1,1),(1262,1519634037,1,0,1,1),(1263,1519634037,1,0,1,1),(1264,1519634037,0,0,0,1),(1265,1519634037,0,0,0,1),(1266,1519634037,1,0,1,1),(1267,1519634037,1,0,1,1),(1268,1519634037,1,0,1,1),(1269,1519634037,0,0,0,1),(1270,1519634037,0,0,0,1),(1271,1519634037,1,0,1,1),(1272,1519634037,1,0,1,1),(1273,1519634037,1,0,1,1),(1274,1519634037,0,0,0,1),(1275,1519634037,0,0,0,1),(1276,1519634037,1,0,1,1),(1277,1519634037,1,0,1,1),(1278,1519634037,1,0,1,1),(1279,1519634037,0,0,0,1),(1280,1519634037,0,0,0,1),(1281,1519634037,1,0,1,1),(1282,1519634037,1,0,1,1),(1283,1519634037,1,0,1,1),(1284,1519634037,0,0,0,1),(1285,1519634037,0,0,0,1),(1286,1519634037,1,0,1,1),(1287,1519634037,1,0,1,1),(1288,1519634037,1,0,1,1),(1289,1519634037,0,0,0,1),(1290,1519634037,0,0,0,1),(1291,1519634037,1,0,1,1),(1292,1519634037,1,0,1,1),(1293,1519634037,1,0,1,1),(1294,1519634037,0,0,0,1),(1295,1519634037,0,0,0,1),(1296,1519634037,1,0,1,1),(1297,1519634037,1,0,1,1),(1298,1519634037,1,0,1,1),(1299,1519634037,0,0,0,1),(1300,1519634037,0,0,0,1),(1301,1519634037,1,0,1,1),(1302,1519634037,1,0,1,1),(1303,1519634037,1,0,1,1),(1304,1519634037,0,0,0,1),(1305,1519634037,0,0,0,1),(1306,1519634037,1,0,1,1),(1307,1519634037,1,0,1,1),(1308,1519634037,1,0,1,1),(1309,1519634037,0,0,0,1),(1310,1519634037,0,0,0,1),(1311,1519634037,1,0,1,1),(1312,1519634037,1,0,1,1),(1313,1519634037,1,0,1,1),(1314,1519634037,0,0,0,1),(1315,1519634037,0,0,0,1),(1316,1519634037,1,0,1,1),(1317,1519634037,1,0,1,1),(1318,1519634037,1,0,1,1),(1319,1519634037,0,0,0,1),(1320,1519634037,0,0,0,1),(1321,1519634037,1,0,1,1),(1322,1519634037,1,0,1,1),(1323,1519634037,1,0,1,1),(1324,1519634037,0,0,0,1),(1325,1519634037,0,0,0,1),(1326,1519634037,1,0,1,1),(1327,1519634037,1,0,1,1),(1328,1519634037,1,0,1,1),(1329,1519634037,0,0,0,1),(1330,1519634037,0,0,0,1),(1331,1519634037,1,0,1,1),(1332,1519634037,1,0,1,1),(1333,1519634037,1,0,1,1),(1334,1519634037,0,0,0,1),(1335,1519634037,0,0,0,1),(1336,1519634037,1,0,1,1),(1337,1519634037,1,0,1,1),(1338,1519634037,1,0,1,1),(1339,1519634037,0,0,0,1),(1340,1519634037,0,0,0,1),(1341,1519634037,1,0,1,1),(1342,1519634037,1,0,1,1),(1343,1519634037,1,0,1,1),(1344,1519634037,0,0,0,1),(1345,1519634037,0,0,0,1),(1346,1519634037,1,0,1,1),(1347,1519634037,1,0,1,1),(1348,1519634037,1,0,1,1),(1349,1519634037,0,0,0,1),(1350,1519634037,0,0,0,1),(1351,1519634037,1,0,1,1),(1352,1519634037,1,0,1,1),(1353,1519634037,1,0,1,1),(1354,1519634037,0,0,0,1),(1355,1519634037,0,0,0,1),(1356,1519634037,1,0,1,1),(1357,1519634037,1,0,1,1),(1358,1519634037,1,0,1,1),(1359,1519634037,0,0,0,1),(1360,1519634037,0,0,0,1),(1361,1519634037,1,0,1,1),(1362,1519634037,1,0,1,1),(1363,1519634037,1,0,1,1),(1364,1519634037,0,0,0,1),(1365,1519634037,0,0,0,1),(1366,1519634037,1,0,1,1),(1367,1519634037,1,0,1,1),(1368,1519634037,1,0,1,1),(1369,1519634037,0,0,0,1),(1370,1519634037,0,0,0,1),(1371,1519634037,1,0,1,1),(1372,1519634037,1,0,1,1),(1373,1519634037,1,0,1,1),(1374,1519634037,0,0,0,1),(1375,1519634037,0,0,0,1),(1376,1519634037,1,0,1,1),(1377,1519634037,1,0,1,1),(1378,1519634037,1,0,1,1),(1379,1519634037,0,0,0,1),(1380,1519634037,0,0,0,1),(1381,1519634037,1,0,1,1),(1382,1519634037,1,0,1,1),(1383,1519634037,1,0,1,1),(1384,1519634037,0,0,0,1),(1385,1519634037,0,0,0,1),(1386,1519634037,1,0,1,1),(1387,1519634037,1,0,1,1),(1388,1519634037,1,0,1,1),(1389,1519634037,0,0,0,1),(1390,1519634037,0,0,0,1),(1391,1519634037,1,0,1,1),(1392,1519634037,1,0,1,1),(1393,1519634037,1,0,1,1),(1394,1519634037,0,0,0,1),(1395,1519634037,0,0,0,1),(1396,1519634037,1,0,1,1),(1397,1519634037,1,0,1,1),(1398,1519634037,1,0,1,1),(1399,1519634037,0,0,0,1),(1400,1519634037,0,0,0,1),(1401,1519634037,1,0,1,1),(1402,1519634037,1,0,1,1),(1403,1519634037,1,0,1,1),(1404,1519634037,0,0,0,1),(1405,1519634037,0,0,0,1),(1406,1519634037,1,0,1,1),(1407,1519634037,1,0,1,1),(1408,1519634037,1,0,1,1),(1409,1519634037,0,0,0,1),(1410,1519634037,0,0,0,1),(1411,1519634037,1,0,1,1),(1412,1519634037,1,0,1,1),(1413,1519634037,1,0,1,1),(1414,1519634037,0,0,0,1),(1415,1519634037,0,0,0,1),(1416,1519634037,1,0,1,1),(1417,1519634037,1,0,1,1),(1418,1519634037,1,0,1,1),(1419,1519634037,0,0,0,1),(1420,1519634037,0,0,0,1),(1421,1519634037,1,0,1,1),(1422,1519634037,1,0,1,1),(1423,1519634037,1,0,1,1),(1424,1519634037,0,0,0,1),(1425,1519634037,0,0,0,1),(1426,1519634037,1,0,1,1),(1427,1519634037,1,0,1,1),(1428,1519634037,1,0,1,1),(1429,1519634037,0,0,0,1),(1430,1519634037,0,0,0,1),(1431,1519634037,1,0,1,1),(1432,1519634037,1,0,1,1),(1433,1519634037,1,0,1,1),(1434,1519634037,0,0,0,1),(1435,1519634037,0,0,0,1),(1436,1519634037,1,0,1,1),(1437,1519634037,1,0,1,1),(1438,1519634037,1,0,1,1),(1439,1519634037,0,0,0,1),(1440,1519634037,0,0,0,1),(1441,1519634037,1,0,1,1),(1442,1519634037,1,0,1,1),(1443,1519634037,1,0,1,1),(1444,1519634037,0,0,0,1),(1445,1519634037,0,0,0,1),(1446,1519634037,1,0,1,1),(1447,1519634037,1,0,1,1),(1448,1519634037,1,0,1,1),(1449,1519634037,0,0,0,1),(1450,1519634037,0,0,0,1),(1451,1519634037,1,0,1,1),(1452,1519634037,1,0,1,1),(1453,1519634037,1,0,1,1),(1454,1519634037,0,0,0,1),(1455,1519634037,0,0,0,1),(1456,1519634037,1,0,1,1),(1457,1519634037,1,0,1,1),(1458,1519634037,1,0,1,1),(1459,1519634037,0,0,0,1),(1460,1519634037,0,0,0,1),(1461,1519634037,1,0,1,1),(1462,1519634037,1,0,1,1),(1463,1519634037,1,0,1,1),(1464,1519634037,0,0,0,1),(1465,1519634037,0,0,0,1),(1466,1519634037,1,0,1,1),(1467,1519634037,1,0,1,1),(1468,1519634037,1,0,1,1),(1469,1519634037,0,0,0,1),(1470,1519634037,0,0,0,1),(1471,1519634037,1,0,1,1),(1472,1519634037,1,0,1,1),(1473,1519634037,1,0,1,1),(1474,1519634037,0,0,0,1),(1475,1519634037,0,0,0,1),(1476,1519634037,1,0,1,1),(1477,1519634037,1,0,1,1),(1478,1519634037,1,0,1,1),(1479,1519634037,0,0,0,1),(1480,1519634037,0,0,0,1),(1481,1519634037,1,0,1,1),(1482,1519634037,1,0,1,1),(1483,1519634037,1,0,1,1),(1484,1519634037,0,0,0,1),(1485,1519634037,0,0,0,1),(1486,1519634037,1,0,1,1),(1487,1519634037,1,0,1,1),(1488,1519634037,1,0,1,1),(1489,1519634037,0,0,0,1),(1490,1519634037,0,0,0,1),(1491,1519634037,1,0,1,1),(1492,1519634037,1,0,1,1),(1493,1519634037,1,0,1,1),(1494,1519634037,0,0,0,1),(1495,1519634037,0,0,0,1),(1496,1519634037,1,0,1,1),(1497,1519634037,1,0,1,1),(1498,1519634037,1,0,1,1),(1499,1519634037,0,0,0,1),(1500,1519634037,0,0,0,1),(1501,1519634037,1,0,1,1),(1502,1519634037,1,0,1,1),(1503,1519634037,1,0,1,1),(1504,1519634037,0,0,0,1),(1505,1519634037,0,0,0,1),(1506,1519634037,1,0,1,1),(1507,1519634037,1,0,1,1),(1508,1519634037,1,0,1,1),(1509,1519634037,0,0,0,1),(1510,1519634037,0,0,0,1),(1511,1519634037,1,0,1,1),(1512,1519634037,1,0,1,1),(1513,1519634037,1,0,1,1),(1514,1519634037,0,0,0,1),(1515,1519634037,0,0,0,1),(1516,1519634037,1,0,1,1),(1517,1519634037,1,0,1,1),(1518,1519634037,1,0,1,1),(1519,1519634037,0,0,0,1),(1520,1519634037,0,0,0,1),(1521,1519634037,1,0,1,1),(1522,1519634037,1,0,1,1),(1523,1519634037,1,0,1,1),(1524,1519634037,0,0,0,1),(1525,1519634037,0,0,0,1),(1526,1519634037,1,0,1,1),(1527,1519634037,1,0,1,1),(1528,1519634037,1,0,1,1),(1529,1519634037,0,0,0,1),(1530,1519634037,0,0,0,1),(1531,1519634037,1,0,1,1),(1532,1519634037,1,0,1,1),(1533,1519634037,1,0,1,1),(1534,1519634037,0,0,0,1),(1535,1519634037,0,0,0,1),(1536,1519634037,1,0,1,1),(1537,1519634037,1,0,1,1),(1538,1519634037,1,0,1,1),(1539,1519634037,0,0,0,1),(1540,1519634037,0,0,0,1),(1541,1519634037,1,0,1,1),(1542,1519634037,1,0,1,1),(1543,1519634037,1,0,1,1),(1544,1519634037,0,0,0,1),(1545,1519634037,0,0,0,1),(1546,1519634037,1,0,1,1),(1547,1519634037,1,0,1,1),(1548,1519634037,1,0,1,1),(1549,1519634037,0,0,0,1),(1550,1519634037,0,0,0,1),(1551,1519634037,1,0,1,1),(1552,1519634037,1,0,1,1),(1553,1519634037,1,0,1,1),(1554,1519634037,0,0,0,1),(1555,1519634037,0,0,0,1),(1556,1519634037,1,0,1,1),(1557,1519634037,1,0,1,1),(1558,1519634037,1,0,1,1),(1559,1519634037,0,0,0,1),(1560,1519634037,0,0,0,1),(1561,1519634037,1,0,1,1),(1562,1519634037,1,0,1,1),(1563,1519634037,1,0,1,1),(1564,1519634037,0,0,0,1),(1565,1519634037,0,0,0,1),(1566,1519634037,1,0,1,1),(1567,1519634037,1,0,1,1),(1568,1519634037,1,0,1,1),(1569,1519634037,0,0,0,1),(1570,1519634037,0,0,0,1),(1571,1519634037,1,0,1,1),(1572,1519634037,1,0,1,1),(1573,1519634037,1,0,1,1),(1574,1519634037,0,0,0,1),(1575,1519634037,0,0,0,1),(1576,1519634037,1,0,1,1),(1577,1519634037,1,0,1,1),(1578,1519634037,1,0,1,1),(1579,1519634037,0,0,0,1),(1580,1519634037,0,0,0,1),(1581,1519634037,1,0,1,1),(1582,1519634037,1,0,1,1),(1583,1519634037,1,0,1,1),(1584,1519634037,0,0,0,1),(1585,1519634037,0,0,0,1),(1586,1519634037,1,0,1,1),(1587,1519634037,1,0,1,1),(1588,1519634037,1,0,1,1),(1589,1519634037,0,0,0,1),(1590,1519634037,0,0,0,1),(1591,1519634037,1,0,1,1),(1592,1519634037,1,0,1,1),(1593,1519634037,1,0,1,1),(1594,1519634037,0,0,0,1),(1595,1519634037,0,0,0,1),(1596,1519634037,1,0,1,1),(1597,1519634037,1,0,1,1),(1598,1519634037,1,0,1,1),(1599,1519634037,0,0,0,1),(1600,1519634037,0,0,0,1),(1601,1519634037,1,0,1,1),(1602,1519634037,1,0,1,1),(1603,1519634037,1,0,1,1),(1604,1519634037,0,0,0,1),(1605,1519634037,0,0,0,1),(1606,1519634037,1,0,1,1),(1607,1519634037,1,0,1,1),(1608,1519634037,1,0,1,1),(1609,1519634037,0,0,0,1),(1610,1519634037,0,0,0,1),(1611,1519634037,1,0,1,1),(1612,1519634037,1,0,1,1),(1613,1519634037,1,0,1,1),(1614,1519634037,0,0,0,1),(1615,1519634037,0,0,0,1),(1616,1519634037,1,0,1,1),(1617,1519634037,1,0,1,1),(1618,1519634037,1,0,1,1),(1619,1519634037,0,0,0,1),(1620,1519634037,0,0,0,1),(1621,1519634037,1,0,1,1),(1622,1519634037,1,0,1,1),(1623,1519634037,1,0,1,1),(1624,1519634037,0,0,0,1),(1625,1519634037,0,0,0,1),(1626,1519634037,1,0,1,1),(1627,1519634037,1,0,1,1),(1628,1519634037,1,0,1,1),(1629,1519634037,0,0,0,1),(1630,1519634037,0,0,0,1),(1631,1519634037,1,0,1,1),(1632,1519634037,1,0,1,1),(1633,1519634037,1,0,1,1),(1634,1519634037,0,0,0,1),(1635,1519634037,0,0,0,1),(1636,1519634037,1,0,1,1),(1637,1519634037,1,0,1,1),(1638,1519634037,1,0,1,1),(1639,1519634037,0,0,0,1),(1640,1519634037,0,0,0,1),(1641,1519634037,1,0,1,1),(1642,1519634037,1,0,1,1),(1643,1519634037,1,0,1,1),(1644,1519634037,0,0,0,1),(1645,1519634037,0,0,0,1),(1646,1519634037,1,0,1,1),(1647,1519634037,1,0,1,1),(1648,1519634037,1,0,1,1),(1649,1519634037,0,0,0,1),(1650,1519634037,0,0,0,1),(1651,1519634037,1,0,1,1),(1652,1519634037,1,0,1,1),(1653,1519634037,1,0,1,1),(1654,1519634037,0,0,0,1),(1655,1519634037,0,0,0,1),(1656,1519634037,1,0,1,1),(1657,1519634037,1,0,1,1),(1658,1519634037,1,0,1,1),(1659,1519634037,0,0,0,1),(1660,1519634037,0,0,0,1),(1661,1519634037,1,0,1,1),(1662,1519634037,1,0,1,1),(1663,1519634037,1,0,1,1),(1664,1519634037,0,0,0,1),(1665,1519634037,0,0,0,1),(1666,1519634037,1,0,1,1),(1667,1519634037,1,0,1,1),(1668,1519634037,1,0,1,1),(1669,1519634037,0,0,0,1),(1670,1519634037,0,0,0,1),(1671,1519634037,1,0,1,1),(1672,1519634037,1,0,1,1),(1673,1519634037,1,0,1,1),(1674,1519634037,0,0,0,1),(1675,1519634037,0,0,0,1),(1676,1519634037,1,0,1,1),(1677,1519634037,1,0,1,1),(1678,1519634037,1,0,1,1),(1679,1519634037,0,0,0,1),(1680,1519634037,0,0,0,1),(1681,1519634037,1,0,1,1),(1682,1519634037,1,0,1,1),(1683,1519634037,1,0,1,1),(1684,1519634037,0,0,0,1),(1685,1519634037,0,0,0,1),(1686,1519634037,1,0,1,1),(1687,1519634037,1,0,1,1),(1688,1519634037,1,0,1,1),(1689,1519634037,0,0,0,1),(1690,1519634037,0,0,0,1),(1691,1519634037,1,0,1,1),(1692,1519634037,1,0,1,1),(1693,1519634037,1,0,1,1),(1694,1519634037,0,0,0,1),(1695,1519634037,0,0,0,1),(1696,1519634037,1,0,1,1),(1697,1519634037,1,0,1,1),(1698,1519634037,1,0,1,1),(1699,1519634037,0,0,0,1),(1700,1519634037,0,0,0,1),(1701,1519634037,1,0,1,1),(1702,1519634037,1,0,1,1),(1703,1519634037,1,0,1,1),(1704,1519634037,0,0,0,1),(1705,1519634037,0,0,0,1),(1706,1519634037,1,0,1,1),(1707,1519634037,1,0,1,1),(1708,1519634037,1,0,1,1),(1709,1519634037,0,0,0,1),(1710,1519634037,0,0,0,1),(1711,1519634037,1,0,1,1),(1712,1519634037,1,0,1,1),(1713,1519634037,1,0,1,1),(1714,1519634037,0,0,0,1),(1715,1519634037,0,0,0,1),(1716,1519634037,1,0,1,1),(1717,1519634037,1,0,1,1),(1718,1519634037,1,0,1,1),(1719,1519634037,0,0,0,1),(1720,1519634037,0,0,0,1),(1721,1519634037,1,0,1,1),(1722,1519634037,1,0,1,1),(1723,1519634037,1,0,1,1),(1724,1519634037,0,0,0,1),(1725,1519634037,0,0,0,1),(1726,1519634037,1,0,1,1),(1727,1519634037,1,0,1,1),(1728,1519634037,1,0,1,1),(1729,1519634037,0,0,0,1),(1730,1519634037,0,0,0,1),(1731,1519634037,1,0,1,1),(1732,1519634037,1,0,1,1),(1733,1519634037,1,0,1,1),(1734,1519634037,0,0,0,1),(1735,1519634037,0,0,0,1),(1736,1519634037,1,0,1,1),(1737,1519634037,1,0,1,1),(1738,1519634037,1,0,1,1),(1739,1519634037,0,0,0,1),(1740,1519634037,0,0,0,1),(1741,1519634037,1,0,1,1),(1742,1519634037,1,0,1,1),(1743,1519634037,1,0,1,1),(1744,1519634037,0,0,0,1),(1745,1519634037,0,0,0,1),(1746,1519634037,1,0,1,1),(1747,1519634037,1,0,1,1),(1748,1519634037,1,0,1,1),(1749,1519634037,0,0,0,1),(1750,1519634037,0,0,0,1),(1751,1519634037,1,0,1,1),(1752,1519634037,1,0,1,1),(1753,1519634037,1,0,1,1),(1754,1519634037,0,0,0,1),(1755,1519634037,0,0,0,1),(1756,1519634037,1,0,1,1),(1757,1519634037,1,0,1,1),(1758,1519634037,1,0,1,1),(1759,1519634037,0,0,0,1),(1760,1519634037,0,0,0,1),(1761,1519634037,1,0,1,1),(1762,1519634037,1,0,1,1),(1763,1519634037,1,0,1,1),(1764,1519634037,0,0,0,1),(1765,1519634037,0,0,0,1),(1766,1519634037,1,0,1,1),(1767,1519634037,1,0,1,1),(1768,1519634037,1,0,1,1),(1769,1519634037,0,0,0,1),(1770,1519634037,0,0,0,1),(1771,1519634037,1,0,1,1),(1772,1519634037,1,0,1,1),(1773,1519634037,1,0,1,1),(1774,1519634037,0,0,0,1),(1775,1519634037,0,0,0,1),(1776,1519634037,1,0,1,1),(1777,1519634037,1,0,1,1),(1778,1519634037,1,0,1,1),(1779,1519634037,0,0,0,1),(1780,1519634037,0,0,0,1),(1781,1519634037,1,0,1,1),(1782,1519634037,1,0,1,1),(1783,1519634037,1,0,1,1),(1784,1519634037,0,0,0,1),(1785,1519634037,0,0,0,1),(1786,1519634037,1,0,1,1),(1787,1519634037,1,0,1,1),(1788,1519634037,1,0,1,1),(1789,1519634037,0,0,0,1),(1790,1519634037,0,0,0,1),(1791,1519634037,1,0,1,1),(1792,1519634037,1,0,1,1),(1793,1519634037,1,0,1,1),(1794,1519634037,0,0,0,1),(1795,1519634037,0,0,0,1),(1796,1519634037,1,0,1,1),(1797,1519634037,1,0,1,1),(1798,1519634037,1,0,1,1),(1799,1519634037,0,0,0,1),(1800,1519634037,0,0,0,1),(1801,1519634037,1,0,1,1),(1802,1519634037,1,0,1,1),(1803,1519634037,1,0,1,1),(1804,1519634037,0,0,0,1),(1805,1519634037,0,0,0,1),(1806,1519634037,1,0,1,1),(1807,1519634037,1,0,1,1),(1808,1519634037,1,0,1,1),(1809,1519634037,0,0,0,1),(1810,1519634037,0,0,0,1),(1811,1519634037,1,0,1,1),(1812,1519634037,1,0,1,1),(1813,1519634037,1,0,1,1),(1814,1519634037,0,0,0,1),(1815,1519634037,0,0,0,1),(1816,1519634037,1,0,1,1),(1817,1519634037,1,0,1,1),(1818,1519634037,1,0,1,1),(1819,1519634037,0,0,0,1),(1820,1519634037,0,0,0,1),(1821,1519634037,1,0,1,1),(1822,1519634037,1,0,1,1),(1823,1519634037,1,0,1,1),(1824,1519634037,0,0,0,1),(1825,1519634037,0,0,0,1),(1826,1519634037,1,0,1,1),(1827,1519634037,1,0,1,1),(1828,1519634037,1,0,1,1),(1829,1519634037,0,0,0,1),(1830,1519634037,0,0,0,1),(1831,1519634037,1,0,1,1),(1832,1519634037,1,0,1,1),(1833,1519634037,1,0,1,1),(1834,1519634037,0,0,0,1),(1835,1519634037,0,0,0,1),(1836,1519634037,1,0,1,1),(1837,1519634037,1,0,1,1),(1838,1519634037,1,0,1,1),(1839,1519634037,0,0,0,1),(1840,1519634037,0,0,0,1),(1841,1519634037,1,0,1,1),(1842,1519634037,1,0,1,1),(1843,1519634037,1,0,1,1),(1844,1519634037,0,0,0,1),(1845,1519634037,0,0,0,1),(1846,1519634037,1,0,1,1),(1847,1519634037,1,0,1,1),(1848,1519634037,1,0,1,1),(1849,1519634037,0,0,0,1),(1850,1519634037,0,0,0,1),(1851,1519634037,1,0,1,1),(1852,1519634037,1,0,1,1),(1853,1519634037,1,0,1,1),(1854,1519634037,0,0,0,1),(1855,1519634037,0,0,0,1),(1856,1519634037,1,0,1,1),(1857,1519634037,1,0,1,1),(1858,1519634037,1,0,1,1),(1859,1519634037,0,0,0,1),(1860,1519634037,0,0,0,1),(1861,1519634037,1,0,1,1),(1862,1519634037,1,0,1,1),(1863,1519634037,1,0,1,1),(1864,1519634037,0,0,0,1),(1865,1519634037,0,0,0,1),(1866,1519634037,1,0,1,1),(1867,1519634037,1,0,1,1),(1868,1519634037,1,0,1,1),(1869,1519634037,0,0,0,1),(1870,1519634037,0,0,0,1),(1871,1519634037,1,0,1,1),(1872,1519634037,1,0,1,1),(1873,1519634037,1,0,1,1),(1874,1519634037,0,0,0,1),(1875,1519634037,0,0,0,1),(1876,1519634037,1,0,1,1),(1877,1519634037,1,0,1,1),(1878,1519634037,1,0,1,1),(1879,1519634037,0,0,0,1),(1880,1519634037,0,0,0,1),(1881,1519634037,1,0,1,1),(1882,1519634037,1,0,1,1),(1883,1519634037,1,0,1,1),(1884,1519634037,0,0,0,1),(1885,1519634037,0,0,0,1),(1886,1519634037,1,0,1,1),(1887,1519634037,1,0,1,1),(1888,1519634037,1,0,1,1),(1889,1519634037,0,0,0,1),(1890,1519634037,0,0,0,1),(1891,1519634037,1,0,1,1),(1892,1519634037,1,0,1,1),(1893,1519634037,1,0,1,1),(1894,1519634037,0,0,0,1),(1895,1519634037,0,0,0,1),(1896,1519634037,1,0,1,1),(1897,1519634037,1,0,1,1),(1898,1519634037,1,0,1,1),(1899,1519634037,0,0,0,1),(1900,1519634037,0,0,0,1),(1901,1519634037,1,0,1,1),(1902,1519634037,1,0,1,1),(1903,1519634037,1,0,1,1),(1904,1519634037,0,0,0,1),(1905,1519634037,0,0,0,1),(1906,1519634037,1,0,1,1),(1907,1519634037,1,0,1,1),(1908,1519634037,1,0,1,1),(1909,1519634037,0,0,0,1),(1910,1519634037,0,0,0,1),(1911,1519634037,1,0,1,1),(1912,1519634037,1,0,1,1),(1913,1519634037,1,0,1,1),(1914,1519634037,0,0,0,1),(1915,1519634037,0,0,0,1),(1916,1519634037,1,0,1,1),(1917,1519634037,1,0,1,1),(1918,1519634037,1,0,1,1),(1919,1519634037,0,0,0,1),(1920,1519634037,0,0,0,1),(1921,1519634037,1,0,1,1),(1922,1519634037,1,0,1,1),(1923,1519634037,1,0,1,1),(1924,1519634037,0,0,0,1),(1925,1519634037,0,0,0,1),(1926,1519634037,1,0,1,1),(1927,1519634037,1,0,1,1),(1928,1519634037,1,0,1,1),(1929,1519634037,0,0,0,1),(1930,1519634037,0,0,0,1),(1931,1519634037,1,0,1,1),(1932,1519634037,1,0,1,1),(1933,1519634037,1,0,1,1),(1934,1519634037,0,0,0,1),(1935,1519634037,0,0,0,1),(1936,1519634037,1,0,1,1),(1937,1519634037,1,0,1,1),(1938,1519634037,1,0,1,1),(1939,1519634037,0,0,0,1),(1940,1519634037,0,0,0,1),(1941,1519634037,1,0,1,1),(1942,1519634037,1,0,1,1),(1943,1519634037,1,0,1,1),(1944,1519634037,0,0,0,1),(1945,1519634037,0,0,0,1),(1946,1519634037,1,0,1,1),(1947,1519634037,1,0,1,1),(1948,1519634037,1,0,1,1),(1949,1519634037,0,0,0,1),(1950,1519634037,0,0,0,1),(1951,1519634037,1,0,1,1),(1952,1519634037,1,0,1,1),(1953,1519634037,1,0,1,1),(1954,1519634037,0,0,0,1),(1955,1519634037,0,0,0,1),(1956,1519634037,1,0,1,1),(1957,1519634037,1,0,1,1),(1958,1519634037,1,0,1,1),(1959,1519634037,0,0,0,1),(1960,1519634037,0,0,0,1),(1961,1519634037,1,0,1,1),(1962,1519634037,1,0,1,1),(1963,1519634037,1,0,1,1),(1964,1519634037,0,0,0,1),(1965,1519634037,0,0,0,1),(1966,1519634037,1,0,1,1),(1967,1519634037,1,0,1,1),(1968,1519634037,1,0,1,1),(1969,1519634037,0,0,0,1),(1970,1519634037,0,0,0,1),(1971,1519634037,1,0,1,1),(1972,1519634037,1,0,1,1),(1973,1519634037,1,0,1,1),(1974,1519634037,0,0,0,1),(1975,1519634037,0,0,0,1),(1976,1519634037,1,0,1,1),(1977,1519634037,1,0,1,1),(1978,1519634037,1,0,1,1),(1979,1519634037,0,0,0,1),(1980,1519634037,0,0,0,1),(1981,1519634037,1,0,1,1),(1982,1519634037,1,0,1,1),(1983,1519634037,1,0,1,1),(1984,1519634037,0,0,0,1),(1985,1519634037,0,0,0,1),(1986,1519634037,1,0,1,1),(1987,1519634037,1,0,1,1),(1988,1519634037,1,0,1,1),(1989,1519634037,0,0,0,1),(1990,1519634037,0,0,0,1),(1991,1519634037,1,0,1,1),(1992,1519634037,1,0,1,1),(1993,1519634037,1,0,1,1),(1994,1519634037,0,0,0,1),(1995,1519634037,0,0,0,1),(1996,1519634037,1,0,1,1),(1997,1519634037,1,0,1,1),(1998,1519634037,1,0,1,1),(1999,1519634037,0,0,0,1),(2000,1519634037,0,0,0,1),(2001,1519634037,1,0,1,1),(2002,1519634037,1,0,1,1),(2003,1519634037,1,0,1,1),(2004,1519634037,0,0,0,1),(2005,1519634037,0,0,0,1),(2006,1519634037,1,0,1,1),(2007,1519634037,1,0,1,1),(2008,1519634037,1,0,1,1),(2009,1519634037,0,0,0,1),(2010,1519634037,0,0,0,1),(2011,1519634037,1,0,1,1),(2012,1519634037,1,0,1,1),(2013,1519634037,1,0,1,1),(2014,1519634037,0,0,0,1),(2015,1519634037,0,0,0,1),(2016,1519634037,1,0,1,1),(2017,1519634037,1,0,1,1),(2018,1519634037,1,0,1,1),(2019,1519634037,0,0,0,1),(2020,1519634037,0,0,0,1),(2021,1519634037,1,0,1,1),(2022,1519634037,1,0,1,1),(2023,1519634037,1,0,1,1),(2024,1519634037,0,0,0,1),(2025,1519634037,0,0,0,1),(2026,1519634037,1,0,1,1),(2027,1519634037,1,0,1,1),(2028,1519634037,1,0,1,1),(2029,1519634037,0,0,0,1),(2030,1519634037,0,0,0,1),(2031,1519634037,1,0,1,1),(2032,1519634037,1,0,1,1),(2033,1519634037,1,0,1,1),(2034,1519634037,0,0,0,1),(2035,1519634037,0,0,0,1),(2036,1519634037,1,0,1,1),(2037,1519634037,1,0,1,1),(2038,1519634037,1,0,1,1),(2039,1519634037,0,0,0,1),(2040,1519634037,0,0,0,1),(2041,1519634037,1,0,1,1),(2042,1519634037,1,0,1,1),(2043,1519634037,1,0,1,1),(2044,1519634037,0,0,0,1),(2045,1519634037,0,0,0,1),(2046,1519634037,1,0,1,1),(2047,1519634037,1,0,1,1),(2048,1519634037,1,0,1,1),(2049,1519634037,0,0,0,1),(2050,1519634037,0,0,0,1),(2051,1519634037,1,0,1,1),(2052,1519634037,1,0,1,1),(2053,1519634037,1,0,1,1),(2054,1519634037,0,0,0,1),(2055,1519634037,0,0,0,1),(2056,1519634037,1,0,1,1),(2057,1519634037,1,0,1,1),(2058,1519634037,1,0,1,1),(2059,1519634037,0,0,0,1),(2060,1519634037,0,0,0,1),(2061,1519634037,1,0,1,1),(2062,1519634037,1,0,1,1),(2063,1519634037,1,0,1,1),(2064,1519634037,0,0,0,1),(2065,1519634037,0,0,0,1),(2066,1519634037,1,0,1,1),(2067,1519634037,1,0,1,1),(2068,1519634037,1,0,1,1),(2069,1519634037,0,0,0,1),(2070,1519634037,0,0,0,1),(2071,1519634037,1,0,1,1),(2072,1519634037,1,0,1,1),(2073,1519634037,1,0,1,1),(2074,1519634037,0,0,0,1),(2075,1519634037,0,0,0,1),(2076,1519634037,1,0,1,1),(2077,1519634037,1,0,1,1),(2078,1519634037,1,0,1,1),(2079,1519634037,0,0,0,1),(2080,1519634037,0,0,0,1),(2081,1519634037,1,0,1,1),(2082,1519634037,1,0,1,1),(2083,1519634037,1,0,1,1),(2084,1519634037,0,0,0,1),(2085,1519634037,0,0,0,1),(2086,1519634037,1,0,1,1),(2087,1519634037,1,0,1,1),(2088,1519634037,1,0,1,1),(2089,1519634037,0,0,0,1),(2090,1519634037,0,0,0,1),(2091,1519634037,1,0,1,1),(2092,1519634037,1,0,1,1),(2093,1519634037,1,0,1,1),(2094,1519634037,0,0,0,1),(2095,1519634037,0,0,0,1),(2096,1519634037,1,0,1,1),(2097,1519634037,1,0,1,1),(2098,1519634037,1,0,1,1),(2099,1519634037,0,0,0,1),(2100,1519634037,0,0,0,1),(2101,1519634037,1,0,1,1),(2102,1519634037,1,0,1,1),(2103,1519634037,1,0,1,1),(2104,1519634037,0,0,0,1),(2105,1519634037,0,0,0,1),(2106,1519634037,1,0,1,1),(2107,1519634037,1,0,1,1),(2108,1519634037,1,0,1,1),(2109,1519634037,0,0,0,1),(2110,1519634037,0,0,0,1),(2111,1519634037,1,0,1,1),(2112,1519634037,1,0,1,1),(2113,1519634037,1,0,1,1),(2114,1519634037,0,0,0,1),(2115,1519634037,0,0,0,1),(2116,1519634037,1,0,1,1),(2117,1519634037,1,0,1,1),(2118,1519634037,1,0,1,1),(2119,1519634037,0,0,0,1),(2120,1519634037,0,0,0,1),(2121,1519634037,1,0,1,1),(2122,1519634037,1,0,1,1),(2123,1519634037,1,0,1,1),(2124,1519634037,0,0,0,1),(2125,1519634037,0,0,0,1),(2126,1519634037,1,0,1,1),(2127,1519634037,1,0,1,1),(2128,1519634037,1,0,1,1),(2129,1519634037,0,0,0,1),(2130,1519634037,0,0,0,1),(2131,1519634037,1,0,1,1),(2132,1519634037,1,0,1,1),(2133,1519634037,1,0,1,1),(2134,1519634037,0,0,0,1),(2135,1519634037,0,0,0,1),(2136,1519634037,1,0,1,1),(2137,1519634037,1,0,1,1),(2138,1519634037,1,0,1,1),(2139,1519634037,0,0,0,1),(2140,1519634037,0,0,0,1),(2141,1519634037,1,0,1,1),(2142,1519634037,1,0,1,1),(2143,1519634037,1,0,1,1),(2144,1519634037,0,0,0,1),(2145,1519634037,0,0,0,1),(2146,1519634037,1,0,1,1),(2147,1519634037,1,0,1,1),(2148,1519634037,1,0,1,1),(2149,1519634037,0,0,0,1),(2150,1519634037,0,0,0,1),(2151,1519634037,1,0,1,1),(2152,1519634037,1,0,1,1),(2153,1519634037,1,0,1,1),(2154,1519634037,0,0,0,1),(2155,1519634037,0,0,0,1),(2156,1519634037,1,0,1,1),(2157,1519634037,1,0,1,1),(2158,1519634037,1,0,1,1),(2159,1519634037,0,0,0,1),(2160,1519634037,0,0,0,1),(2161,1519634037,1,0,1,1),(2162,1519634037,1,0,1,1),(2163,1519634037,1,0,1,1),(2164,1519634037,0,0,0,1),(2165,1519634037,0,0,0,1),(2166,1519634037,1,0,1,1),(2167,1519634037,1,0,1,1),(2168,1519634037,1,0,1,1),(2169,1519634037,0,0,0,1),(2170,1519634037,0,0,0,1),(2171,1519634037,1,0,1,1),(2172,1519634037,1,0,1,1),(2173,1519634037,1,0,1,1),(2174,1519634037,0,0,0,1),(2175,1519634037,0,0,0,1),(2176,1519634037,1,0,1,1),(2177,1519634037,1,0,1,1),(2178,1519634037,1,0,1,1),(2179,1519634037,0,0,0,1),(2180,1519634037,0,0,0,1),(2181,1519634037,1,0,1,1),(2182,1519634037,1,0,1,1),(2183,1519634037,1,0,1,1),(2184,1519634037,0,0,0,1),(2185,1519634037,0,0,0,1),(2186,1519634037,1,0,1,1),(2187,1519634037,1,0,1,1),(2188,1519634037,1,0,1,1),(2189,1519634037,0,0,0,1),(2190,1519634037,0,0,0,1),(2191,1519634037,1,0,1,1),(2192,1519634037,1,0,1,1),(2193,1519634037,1,0,1,1),(2194,1519634037,0,0,0,1),(2195,1519634037,0,0,0,1),(2196,1519634037,1,0,1,1),(2197,1519634037,1,0,1,1),(2198,1519634037,1,0,1,1),(2199,1519634037,0,0,0,1),(2200,1519634037,0,0,0,1),(2201,1519634037,1,0,1,1),(2202,1519634037,1,0,1,1),(2203,1519634037,1,0,1,1),(2204,1519634037,0,0,0,1),(2205,1519634037,0,0,0,1),(2206,1519634037,1,0,1,1),(2207,1519634037,1,0,1,1),(2208,1519634037,1,0,1,1),(2209,1519634037,0,0,0,1),(2210,1519634037,0,0,0,1),(2211,1519634037,1,0,1,1),(2212,1519634037,1,0,1,1),(2213,1519634037,1,0,1,1),(2214,1519634037,0,0,0,1),(2215,1519634037,0,0,0,1),(2216,1519634037,1,0,1,1),(2217,1519634037,1,0,1,1),(2218,1519634037,1,0,1,1),(2219,1519634037,0,0,0,1),(2220,1519634037,0,0,0,1),(2221,1519634037,1,0,1,1),(2222,1519634037,1,0,1,1),(2223,1519634037,1,0,1,1),(2224,1519634037,0,0,0,1),(2225,1519634037,0,0,0,1),(2226,1519634037,1,0,1,1),(2227,1519634037,1,0,1,1),(2228,1519634037,1,0,1,1),(2229,1519634037,0,0,0,1),(2230,1519634037,0,0,0,1),(2231,1519634037,1,0,1,1),(2232,1519634037,1,0,1,1),(2233,1519634037,1,0,1,1),(2234,1519634037,0,0,0,1),(2235,1519634037,0,0,0,1),(2236,1519634037,1,0,1,1),(2237,1519634037,1,0,1,1),(2238,1519634037,1,0,1,1),(2239,1519634037,0,0,0,1),(2240,1519634037,0,0,0,1),(2241,1519634037,1,0,1,1),(2242,1519634037,1,0,1,1),(2243,1519634037,1,0,1,1),(2244,1519634037,0,0,0,1),(2245,1519634037,0,0,0,1),(2246,1519634037,1,0,1,1),(2247,1519634037,1,0,1,1),(2248,1519634037,1,0,1,1),(2249,1519634037,0,0,0,1),(2250,1519634037,0,0,0,1),(2251,1519634037,1,0,1,1),(2252,1519634037,1,0,1,1),(2253,1519634037,1,0,1,1),(2254,1519634037,0,0,0,1),(2255,1519634037,0,0,0,1),(2256,1519634037,1,0,1,1),(2257,1519634037,1,0,1,1),(2258,1519634037,1,0,1,1),(2259,1519634037,0,0,0,1),(2260,1519634037,0,0,0,1),(2261,1519634037,1,0,1,1),(2262,1519634037,1,0,1,1),(2263,1519634037,1,0,1,1),(2264,1519634037,0,0,0,1),(2265,1519634037,0,0,0,1),(2266,1519634037,1,0,1,1),(2267,1519634037,1,0,1,1),(2268,1519634037,1,0,1,1),(2269,1519634037,0,0,0,1),(2270,1519634037,0,0,0,1),(2271,1519634037,1,0,1,1),(2272,1519634037,1,0,1,1),(2273,1519634037,1,0,1,1),(2274,1519634037,0,0,0,1),(2275,1519634037,0,0,0,1),(2276,1519634037,1,0,1,1),(2277,1519634037,1,0,1,1),(2278,1519634037,1,0,1,1),(2279,1519634037,0,0,0,1),(2280,1519634037,0,0,0,1),(2281,1519634037,1,0,1,1),(2282,1519634037,1,0,1,1),(2283,1519634037,1,0,1,1),(2284,1519634037,0,0,0,1),(2285,1519634037,0,0,0,1),(2286,1519634037,1,0,1,1),(2287,1519634037,1,0,1,1),(2288,1519634037,1,0,1,1),(2289,1519634037,0,0,0,1),(2290,1519634037,0,0,0,1),(2291,1519634037,1,0,1,1),(2292,1519634037,1,0,1,1),(2293,1519634037,1,0,1,1),(2294,1519634037,0,0,0,1),(2295,1519634037,0,0,0,1),(2296,1519634037,1,0,1,1),(2297,1519634037,1,0,1,1),(2298,1519634037,1,0,1,1),(2299,1519634037,0,0,0,1),(2300,1519634037,0,0,0,1),(2301,1519634037,1,0,1,1),(2302,1519634037,1,0,1,1),(2303,1519634037,1,0,1,1),(2304,1519634037,0,0,0,1),(2305,1519634037,0,0,0,1),(2306,1519634037,1,0,1,1),(2307,1519634037,1,0,1,1),(2308,1519634037,1,0,1,1),(2309,1519634037,0,0,0,1),(2310,1519634037,0,0,0,1),(2311,1519634037,1,0,1,1),(2312,1519634037,1,0,1,1),(2313,1519634037,1,0,1,1),(2314,1519634037,0,0,0,1),(2315,1519634037,0,0,0,1),(2316,1519634037,1,0,1,1),(2317,1519634037,1,0,1,1),(2318,1519634037,1,0,1,1),(2319,1519634037,0,0,0,1),(2320,1519634037,0,0,0,1),(2321,1519634037,1,0,1,1),(2322,1519634037,1,0,1,1),(2323,1519634037,1,0,1,1),(2324,1519634037,0,0,0,1),(2325,1519634037,0,0,0,1),(2326,1519634037,1,0,1,1),(2327,1519634037,1,0,1,1),(2328,1519634037,1,0,1,1),(2329,1519634037,0,0,0,1),(2330,1519634037,0,0,0,1),(2331,1519634037,1,0,1,1),(2332,1519634037,1,0,1,1),(2333,1519634037,1,0,1,1),(2334,1519634037,0,0,0,1),(2335,1519634037,0,0,0,1),(2336,1519634037,1,0,1,1),(2337,1519634037,1,0,1,1),(2338,1519634037,1,0,1,1),(2339,1519634037,0,0,0,1),(2340,1519634037,0,0,0,1),(2341,1519634037,1,0,1,1),(2342,1519634037,1,0,1,1),(2343,1519634037,1,0,1,1),(2344,1519634037,0,0,0,1),(2345,1519634037,0,0,0,1),(2346,1519634037,1,0,1,1),(2347,1519634037,1,0,1,1),(2348,1519634037,1,0,1,1),(2349,1519634037,0,0,0,1),(2350,1519634037,0,0,0,1),(2351,1519634037,1,0,1,1),(2352,1519634037,1,0,1,1),(2353,1519634037,1,0,1,1),(2354,1519634037,0,0,0,1),(2355,1519634037,0,0,0,1),(2356,1519634037,1,0,1,1),(2357,1519634037,1,0,1,1),(2358,1519634037,1,0,1,1),(2359,1519634037,0,0,0,1),(2360,1519634037,0,0,0,1),(2361,1519634037,1,0,1,1),(2362,1519634037,1,0,1,1),(2363,1519634037,1,0,1,1),(2364,1519634037,0,0,0,1),(2365,1519634037,0,0,0,1),(2366,1519634037,1,0,1,1),(2367,1519634037,1,0,1,1),(2368,1519634037,1,0,1,1),(2369,1519634037,0,0,0,1),(2370,1519634037,0,0,0,1),(2371,1519634037,1,0,1,1),(2372,1519634037,1,0,1,1),(2373,1519634037,1,0,1,1),(2374,1519634037,0,0,0,1),(2375,1519634037,0,0,0,1),(2376,1519634037,1,0,1,1),(2377,1519634037,1,0,1,1),(2378,1519634037,1,0,1,1),(2379,1519634037,0,0,0,1),(2380,1519634037,0,0,0,1),(2381,1519634037,1,0,1,1),(2382,1519634037,1,0,1,1),(2383,1519634037,1,0,1,1),(2384,1519634037,0,0,0,1),(2385,1519634037,0,0,0,1),(2386,1519634037,1,0,1,1),(2387,1519634037,1,0,1,1),(2388,1519634037,1,0,1,1),(2389,1519634037,0,0,0,1),(2390,1519634037,0,0,0,1),(2391,1519634037,1,0,1,1),(2392,1519634037,1,0,1,1),(2393,1519634037,1,0,1,1),(2394,1519634037,0,0,0,1),(2395,1519634037,0,0,0,1),(2396,1519634037,1,0,1,1),(2397,1519634037,1,0,1,1),(2398,1519634037,1,0,1,1),(2399,1519634037,0,0,0,1),(2400,1519634037,0,0,0,1),(2401,1519634037,1,0,1,1),(2402,1519634037,1,0,1,1),(2403,1519634037,1,0,1,1),(2404,1519634037,0,0,0,1),(2405,1519634037,0,0,0,1),(2406,1519634037,1,0,1,1),(2407,1519634037,1,0,1,1),(2408,1519634037,1,0,1,1),(2409,1519634037,0,0,0,1),(2410,1519634037,0,0,0,1),(2411,1519634037,1,0,1,1),(2412,1519634037,1,0,1,1),(2413,1519634037,1,0,1,1),(2414,1519634037,0,0,0,1),(2415,1519634037,0,0,0,1),(2416,1519634037,1,0,1,1),(2417,1519634037,1,0,1,1),(2418,1519634037,1,0,1,1),(2419,1519634037,0,0,0,1),(2420,1519634037,0,0,0,1),(2421,1519634037,1,0,1,1),(2422,1519634037,1,0,1,1),(2423,1519634037,1,0,1,1),(2424,1519634037,0,0,0,1),(2425,1519634037,0,0,0,1),(2426,1519634037,1,0,1,1),(2427,1519634037,1,0,1,1),(2428,1519634037,1,0,1,1),(2429,1519634037,0,0,0,1),(2430,1519634037,0,0,0,1),(2431,1519634037,1,0,1,1),(2432,1519634037,1,0,1,1),(2433,1519634037,1,0,1,1),(2434,1519634037,0,0,0,1),(2435,1519634037,0,0,0,1),(2436,1519634037,1,0,1,1),(2437,1519634037,1,0,1,1),(2438,1519634037,1,0,1,1),(2439,1519634037,0,0,0,1),(2440,1519634037,0,0,0,1),(2441,1519634037,1,0,1,1),(2442,1519634037,1,0,1,1),(2443,1519634037,1,0,1,1),(2444,1519634037,0,0,0,1),(2445,1519634037,0,0,0,1),(2446,1519634037,1,0,1,1),(2447,1519634037,1,0,1,1),(2448,1519634037,1,0,1,1),(2449,1519634037,0,0,0,1),(2450,1519634037,0,0,0,1),(2451,1519634037,1,0,1,1),(2452,1519634037,1,0,1,1),(2453,1519634037,1,0,1,1),(2454,1519634037,0,0,0,1),(2455,1519634037,0,0,0,1),(2456,1519634037,1,0,1,1),(2457,1519634037,1,0,1,1),(2458,1519634037,1,0,1,1),(2459,1519634037,0,0,0,1),(2460,1519634037,0,0,0,1),(2461,1519634037,1,0,1,1),(2462,1519634037,1,0,1,1),(2463,1519634037,1,0,1,1),(2464,1519634037,0,0,0,1),(2465,1519634037,0,0,0,1),(2466,1519634037,1,0,1,1),(2467,1519634037,1,0,1,1),(2468,1519634037,1,0,1,1),(2469,1519634037,0,0,0,1),(2470,1519634037,0,0,0,1),(2471,1519634037,1,0,1,1),(2472,1519634037,1,0,1,1),(2473,1519634037,1,0,1,1),(2474,1519634037,0,0,0,1),(2475,1519634037,0,0,0,1),(2476,1519634037,1,0,1,1),(2477,1519634037,1,0,1,1),(2478,1519634037,1,0,1,1),(2479,1519634037,0,0,0,1),(2480,1519634037,0,0,0,1),(2481,1519634037,1,0,1,1),(2482,1519634037,1,0,1,1),(2483,1519634037,1,0,1,1),(2484,1519634037,0,0,0,1),(2485,1519634037,0,0,0,1),(2486,1519634037,1,0,1,1),(2487,1519634037,1,0,1,1),(2488,1519634037,1,0,1,1),(2489,1519634037,0,0,0,1),(2490,1519634037,0,0,0,1),(2491,1519634037,1,0,1,1),(2492,1519634037,1,0,1,1),(2493,1519634037,1,0,1,1),(2494,1519634037,0,0,0,1),(2495,1519634037,0,0,0,1),(2496,1519634037,1,0,1,1),(2497,1519634037,1,0,1,1),(2498,1519634037,1,0,1,1),(2499,1519634037,0,0,0,1),(2500,1519634037,0,0,0,1),(2501,1519634037,1,0,1,1),(2502,1519634037,1,0,1,1),(2503,1519634037,1,0,1,1),(2504,1519634037,0,0,0,1),(2505,1519634037,0,0,0,1),(2506,1519634037,1,0,1,1),(2507,1519634037,1,0,1,1),(2508,1519634037,1,0,1,1),(2509,1519634037,0,0,0,1),(2510,1519634037,0,0,0,1),(2511,1519634037,1,0,1,1),(2512,1519634037,1,0,1,1),(2513,1519634037,1,0,1,1),(2514,1519634037,0,0,0,1),(2515,1519634037,0,0,0,1),(2516,1519634037,1,0,1,1),(2517,1519634037,1,0,1,1),(2518,1519634037,1,0,1,1),(2519,1519634037,0,0,0,1),(2520,1519634037,0,0,0,1),(2521,1519634037,1,0,1,1),(2522,1519634037,1,0,1,1),(2523,1519634037,1,0,1,1),(2524,1519634037,0,0,0,1),(2525,1519634037,0,0,0,1),(2526,1519634037,1,0,1,1),(2527,1519634037,1,0,1,1),(2528,1519634037,1,0,1,1),(2529,1519634037,0,0,0,1),(2530,1519634037,0,0,0,1),(2531,1519634037,1,0,1,1),(2532,1519634037,1,0,1,1),(2533,1519634037,1,0,1,1),(2534,1519634037,0,0,0,1),(2535,1519634037,0,0,0,1),(2536,1519634037,1,0,1,1),(2537,1519634037,1,0,1,1),(2538,1519634037,1,0,1,1),(2539,1519634037,0,0,0,1),(2540,1519634037,0,0,0,1),(2541,1519634037,1,0,1,1),(2542,1519634037,1,0,1,1),(2543,1519634037,1,0,1,1),(2544,1519634037,0,0,0,1),(2545,1519634037,0,0,0,1),(2546,1519634037,1,0,1,1),(2547,1519634037,1,0,1,1),(2548,1519634037,1,0,1,1),(2549,1519634037,0,0,0,1),(2550,1519634037,0,0,0,1),(2551,1519634037,1,0,1,1),(2552,1519634037,1,0,1,1),(2553,1519634037,1,0,1,1),(2554,1519634037,0,0,0,1),(2555,1519634037,0,0,0,1),(2556,1519634037,1,0,1,1),(2557,1519634037,1,0,1,1),(2558,1519634037,1,0,1,1),(2559,1519634037,0,0,0,1),(2560,1519634037,0,0,0,1),(2561,1519634037,1,0,1,1),(2562,1519634037,1,0,1,1),(2563,1519634037,1,0,1,1),(2564,1519634037,0,0,0,1),(2565,1519634037,0,0,0,1),(2566,1519634037,1,0,1,1),(2567,1519634037,1,0,1,1),(2568,1519634037,1,0,1,1),(2569,1519634037,0,0,0,1),(2570,1519634037,0,0,0,1),(2571,1519634037,1,0,1,1),(2572,1519634037,1,0,1,1),(2573,1519634037,1,0,1,1),(2574,1519634037,0,0,0,1),(2575,1519634037,0,0,0,1),(2576,1519634037,1,0,1,1),(2577,1519634037,1,0,1,1),(2578,1519634037,1,0,1,1),(2579,1519634037,0,0,0,1),(2580,1519634037,0,0,0,1),(2581,1519634037,1,0,1,1),(2582,1519634037,1,0,1,1),(2583,1519634037,1,0,1,1),(2584,1519634037,0,0,0,1),(2585,1519634037,0,0,0,1),(2586,1519634037,1,0,1,1),(2587,1519634037,1,0,1,1),(2588,1519634037,1,0,1,1),(2589,1519634037,0,0,0,1),(2590,1519634037,0,0,0,1),(2591,1519634037,1,0,1,1),(2592,1519634037,1,0,1,1),(2593,1519634037,1,0,1,1),(2594,1519634037,0,0,0,1),(2595,1519634037,0,0,0,1),(2596,1519634037,1,0,1,1),(2597,1519634037,1,0,1,1),(2598,1519634037,1,0,1,1),(2599,1519634037,0,0,0,1),(2600,1519634037,0,0,0,1),(2601,1519634037,1,0,1,1),(2602,1519634037,1,0,1,1),(2603,1519634037,1,0,1,1),(2604,1519634037,0,0,0,1),(2605,1519634037,0,0,0,1),(2606,1519634037,1,0,1,1),(2607,1519634037,1,0,1,1),(2608,1519634037,1,0,1,1),(2609,1519634037,0,0,0,1),(2610,1519634037,0,0,0,1),(2611,1519634037,1,0,1,1),(2612,1519634037,1,0,1,1),(2613,1519634037,1,0,1,1),(2614,1519634037,0,0,0,1),(2615,1519634037,0,0,0,1),(2616,1519634037,1,0,1,1),(2617,1519634037,1,0,1,1),(2618,1519634037,1,0,1,1),(2619,1519634037,0,0,0,1),(2620,1519634037,0,0,0,1),(2621,1519634037,1,0,1,1),(2622,1519634037,1,0,1,1),(2623,1519634037,1,0,1,1),(2624,1519634037,0,0,0,1),(2625,1519634037,0,0,0,1),(2626,1519634037,1,0,1,1),(2627,1519634037,1,0,1,1),(2628,1519634037,1,0,1,1),(2629,1519634037,0,0,0,1),(2630,1519634037,0,0,0,1),(2631,1519634037,1,0,1,1),(2632,1519634037,1,0,1,1),(2633,1519634037,1,0,1,1),(2634,1519634037,0,0,0,1),(2635,1519634037,0,0,0,1),(2636,1519634037,1,0,1,1),(2637,1519634037,1,0,1,1),(2638,1519634037,1,0,1,1),(2639,1519634037,0,0,0,1),(2640,1519634037,0,0,0,1),(2641,1519634037,1,0,1,1),(2642,1519634037,1,0,1,1),(2643,1519634037,1,0,1,1),(2644,1519634037,0,0,0,1),(2645,1519634037,0,0,0,1),(2646,1519634037,1,0,1,1),(2647,1519634037,1,0,1,1),(2648,1519634037,1,0,1,1),(2649,1519634037,0,0,0,1),(2650,1519634037,0,0,0,1),(2651,1519634037,1,0,1,1),(2652,1519634037,1,0,1,1),(2653,1519634037,1,0,1,1),(2654,1519634037,0,0,0,1),(2655,1519634037,0,0,0,1),(2656,1519634037,1,0,1,1),(2657,1519634037,1,0,1,1),(2658,1519634037,1,0,1,1),(2659,1519634037,0,0,0,1),(2660,1519634037,0,0,0,1),(2661,1519634037,1,0,1,1),(2662,1519634037,1,0,1,1),(2663,1519634037,1,0,1,1),(2664,1519634037,0,0,0,1),(2665,1519634037,0,0,0,1),(2666,1519634037,1,0,1,1),(2667,1519634037,1,0,1,1),(2668,1519634037,1,0,1,1),(2669,1519634037,0,0,0,1),(2670,1519634037,0,0,0,1),(2671,1519634037,1,0,1,1),(2672,1519634037,1,0,1,1),(2673,1519634037,1,0,1,1),(2674,1519634037,0,0,0,1),(2675,1519634037,0,0,0,1),(2676,1519634037,1,0,1,1),(2677,1519634037,1,0,1,1),(2678,1519634037,1,0,1,1),(2679,1519634037,0,0,0,1),(2680,1519634037,0,0,0,1),(2681,1519634037,1,0,1,1),(2682,1519634037,1,0,1,1),(2683,1519634037,1,0,1,1),(2684,1519634037,0,0,0,1),(2685,1519634037,0,0,0,1),(2686,1519634037,1,0,1,1),(2687,1519634037,1,0,1,1),(2688,1519634037,1,0,1,1),(2689,1519634037,0,0,0,1),(2690,1519634037,0,0,0,1),(2691,1519634037,1,0,1,1),(2692,1519634037,1,0,1,1),(2693,1519634037,1,0,1,1),(2694,1519634037,0,0,0,1),(2695,1519634037,0,0,0,1),(2696,1519634037,1,0,1,1),(2697,1519634037,1,0,1,1),(2698,1519634037,1,0,1,1),(2699,1519634037,0,0,0,1),(2700,1519634037,0,0,0,1),(2701,1519634037,1,0,1,1),(2702,1519634037,1,0,1,1),(2703,1519634037,1,0,1,1),(2704,1519634037,0,0,0,1),(2705,1519634037,0,0,0,1),(2706,1519634037,1,0,1,1),(2707,1519634037,1,0,1,1),(2708,1519634037,1,0,1,1),(2709,1519634037,0,0,0,1),(2710,1519634037,0,0,0,1),(2711,1519634037,1,0,1,1),(2712,1519634037,1,0,1,1),(2713,1519634037,1,0,1,1),(2714,1519634037,0,0,0,1),(2715,1519634037,0,0,0,1),(2716,1519634037,1,0,1,1),(2717,1519634037,1,0,1,1),(2718,1519634037,1,0,1,1),(2719,1519634037,0,0,0,1),(2720,1519634037,0,0,0,1),(2721,1519634037,1,0,1,1),(2722,1519634037,1,0,1,1),(2723,1519634037,1,0,1,1),(2724,1519634037,0,0,0,1),(2725,1519634037,0,0,0,1),(2726,1519634037,1,0,1,1),(2727,1519634037,1,0,1,1),(2728,1519634037,1,0,1,1),(2729,1519634037,0,0,0,1),(2730,1519634037,0,0,0,1),(2731,1519634037,1,0,1,1),(2732,1519634037,1,0,1,1),(2733,1519634037,1,0,1,1),(2734,1519634037,0,0,0,1),(2735,1519634037,0,0,0,1),(2736,1519634037,1,0,1,1),(2737,1519634037,1,0,1,1),(2738,1519634037,1,0,1,1),(2739,1519634037,0,0,0,1),(2740,1519634037,0,0,0,1),(2741,1519634037,1,0,1,1),(2742,1519634037,1,0,1,1),(2743,1519634037,1,0,1,1),(2744,1519634037,0,0,0,1),(2745,1519634037,0,0,0,1),(2746,1519634037,1,0,1,1),(2747,1519634037,1,0,1,1),(2748,1519634037,1,0,1,1),(2749,1519634037,0,0,0,1),(2750,1519634037,0,0,0,1),(2751,1519634037,1,0,1,1),(2752,1519634037,1,0,1,1),(2753,1519634037,1,0,1,1),(2754,1519634037,0,0,0,1),(2755,1519634037,0,0,0,1),(2756,1519634037,1,0,1,1),(2757,1519634037,1,0,1,1),(2758,1519634037,1,0,1,1),(2759,1519634037,0,0,0,1),(2760,1519634037,0,0,0,1),(2761,1519634037,1,0,1,1),(2762,1519634037,1,0,1,1),(2763,1519634037,1,0,1,1),(2764,1519634037,0,0,0,1),(2765,1519634037,0,0,0,1),(2766,1519634037,1,0,1,1),(2767,1519634037,1,0,1,1),(2768,1519634037,1,0,1,1),(2769,1519634037,0,0,0,1),(2770,1519634037,0,0,0,1),(2771,1519634037,1,0,1,1),(2772,1519634037,1,0,1,1),(2773,1519634037,1,0,1,1),(2774,1519634037,0,0,0,1),(2775,1519634037,0,0,0,1),(2776,1519634037,1,0,1,1),(2777,1519634037,1,0,1,1),(2778,1519634037,1,0,1,1),(2779,1519634037,0,0,0,1),(2780,1519634037,0,0,0,1),(2781,1519634037,1,0,1,1),(2782,1519634037,1,0,1,1),(2783,1519634037,1,0,1,1),(2784,1519634037,0,0,0,1),(2785,1519634037,0,0,0,1),(2786,1519634037,1,0,1,1),(2787,1519634037,1,0,1,1),(2788,1519634037,1,0,1,1),(2789,1519634037,0,0,0,1),(2790,1519634037,0,0,0,1),(2791,1519634037,1,0,1,1),(2792,1519634037,1,0,1,1),(2793,1519634037,1,0,1,1),(2794,1519634037,0,0,0,1),(2795,1519634037,0,0,0,1),(2796,1519634037,1,0,1,1),(2797,1519634037,1,0,1,1),(2798,1519634037,1,0,1,1),(2799,1519634037,0,0,0,1),(2800,1519634037,0,0,0,1),(2801,1519634037,1,0,1,1),(2802,1519634037,1,0,1,1),(2803,1519634037,1,0,1,1),(2804,1519634037,0,0,0,1),(2805,1519634037,0,0,0,1),(2806,1519634037,1,0,1,1),(2807,1519634037,1,0,1,1),(2808,1519634037,1,0,1,1),(2809,1519634037,0,0,0,1),(2810,1519634037,0,0,0,1),(2811,1519634037,1,0,1,1),(2812,1519634037,1,0,1,1),(2813,1519634037,1,0,1,1),(2814,1519634037,0,0,0,1),(2815,1519634037,0,0,0,1),(2816,1519634037,1,0,1,1),(2817,1519634037,1,0,1,1),(2818,1519634037,1,0,1,1),(2819,1519634037,0,0,0,1),(2820,1519634037,0,0,0,1),(2821,1519634037,1,0,1,1),(2822,1519634037,1,0,1,1),(2823,1519634037,1,0,1,1),(2824,1519634037,0,0,0,1),(2825,1519634037,0,0,0,1),(2826,1519634037,1,0,1,1),(2827,1519634037,1,0,1,1),(2828,1519634037,1,0,1,1),(2829,1519634037,0,0,0,1),(2830,1519634037,0,0,0,1),(2831,1519634037,1,0,1,1),(2832,1519634037,1,0,1,1),(2833,1519634037,1,0,1,1),(2834,1519634037,0,0,0,1),(2835,1519634037,0,0,0,1),(2836,1519634037,1,0,1,1),(2837,1519634037,1,0,1,1),(2838,1519634037,1,0,1,1),(2839,1519634037,0,0,0,1),(2840,1519634037,0,0,0,1),(2841,1519634037,1,0,1,1),(2842,1519634037,1,0,1,1),(2843,1519634037,1,0,1,1),(2844,1519634037,0,0,0,1),(2845,1519634037,0,0,0,1),(2846,1519634037,1,0,1,1),(2847,1519634037,1,0,1,1),(2848,1519634037,1,0,1,1),(2849,1519634037,0,0,0,1),(2850,1519634037,0,0,0,1),(2851,1519634037,1,0,1,1),(2852,1519634037,1,0,1,1),(2853,1519634037,1,0,1,1),(2854,1519634037,0,0,0,1),(2855,1519634037,0,0,0,1),(2856,1519634037,1,0,1,1),(2857,1519634037,1,0,1,1),(2858,1519634037,1,0,1,1),(2859,1519634037,0,0,0,1),(2860,1519634037,0,0,0,1),(2861,1519634037,1,0,1,1),(2862,1519634037,1,0,1,1),(2863,1519634037,1,0,1,1),(2864,1519634037,0,0,0,1),(2865,1519634037,0,0,0,1),(2866,1519634037,1,0,1,1),(2867,1519634037,1,0,1,1),(2868,1519634037,1,0,1,1),(2869,1519634037,0,0,0,1),(2870,1519634037,0,0,0,1),(2871,1519634037,1,0,1,1),(2872,1519634037,1,0,1,1),(2873,1519634037,1,0,1,1),(2874,1519634037,0,0,0,1),(2875,1519634037,0,0,0,1),(2876,1519634037,1,0,1,1),(2877,1519634037,1,0,1,1),(2878,1519634037,1,0,1,1),(2879,1519634037,0,0,0,1),(2880,1519634037,0,0,0,1),(2881,1519634037,1,0,1,1),(2882,1519634037,1,0,1,1),(2883,1519634037,1,0,1,1),(2884,1519634037,0,0,0,1),(2885,1519634037,0,0,0,1),(2886,1519634037,1,0,1,1),(2887,1519634037,1,0,1,1),(2888,1519634037,1,0,1,1),(2889,1519634037,0,0,0,1),(2890,1519634037,0,0,0,1),(2891,1519634037,1,0,1,1),(2892,1519634037,1,0,1,1),(2893,1519634037,1,0,1,1),(2894,1519634037,0,0,0,1),(2895,1519634037,0,0,0,1),(2896,1519634037,1,0,1,1),(2897,1519634037,1,0,1,1),(2898,1519634037,1,0,1,1),(2899,1519634037,0,0,0,1),(2900,1519634037,0,0,0,1),(2901,1519634037,1,0,1,1),(2902,1519634037,1,0,1,1),(2903,1519634037,1,0,1,1),(2904,1519634037,0,0,0,1),(2905,1519634037,0,0,0,1),(2906,1519634037,1,0,1,1),(2907,1519634037,1,0,1,1),(2908,1519634037,1,0,1,1),(2909,1519634037,0,0,0,1),(2910,1519634037,0,0,0,1),(2911,1519634037,1,0,1,1),(2912,1519634037,1,0,1,1),(2913,1519634037,1,0,1,1),(2914,1519634037,0,0,0,1),(2915,1519634037,0,0,0,1),(2916,1519634037,1,0,1,1),(2917,1519634037,1,0,1,1),(2918,1519634037,1,0,1,1),(2919,1519634037,0,0,0,1),(2920,1519634037,0,0,0,1),(2921,1519634037,1,0,1,1),(2922,1519634037,1,0,1,1),(2923,1519634037,1,0,1,1),(2924,1519634037,0,0,0,1),(2925,1519634037,0,0,0,1),(2926,1519634037,1,0,1,1),(2927,1519634037,1,0,1,1),(2928,1519634037,1,0,1,1),(2929,1519634037,0,0,0,1),(2930,1519634037,0,0,0,1),(2931,1519634037,1,0,1,1),(2932,1519634037,1,0,1,1),(2933,1519634037,1,0,1,1),(2934,1519634037,0,0,0,1),(2935,1519634037,0,0,0,1),(2936,1519634037,1,0,1,1),(2937,1519634037,1,0,1,1),(2938,1519634037,1,0,1,1),(2939,1519634037,0,0,0,1),(2940,1519634037,0,0,0,1),(2941,1519634037,1,0,1,1),(2942,1519634037,1,0,1,1),(2943,1519634037,1,0,1,1),(2944,1519634037,0,0,0,1),(2945,1519634037,0,0,0,1),(2946,1519634037,1,0,1,1),(2947,1519634037,1,0,1,1),(2948,1519634037,1,0,1,1),(2949,1519634037,0,0,0,1),(2950,1519634037,0,0,0,1),(2951,1519634037,1,0,1,1),(2952,1519634037,1,0,1,1),(2953,1519634037,1,0,1,1),(2954,1519634037,0,0,0,1),(2955,1519634037,0,0,0,1),(2956,1519634037,1,0,1,1),(2957,1519634037,1,0,1,1),(2958,1519634037,1,0,1,1),(2959,1519634037,0,0,0,1),(2960,1519634037,0,0,0,1),(2961,1519634037,1,0,1,1),(2962,1519634037,1,0,1,1),(2963,1519634037,1,0,1,1),(2964,1519634037,0,0,0,1),(2965,1519634037,0,0,0,1),(2966,1519634037,1,0,1,1),(2967,1519634037,1,0,1,1),(2968,1519634037,1,0,1,1),(2969,1519634037,0,0,0,1),(2970,1519634037,0,0,0,1),(2971,1519634037,1,0,1,1),(2972,1519634037,1,0,1,1),(2973,1519634037,1,0,1,1),(2974,1519634037,0,0,0,1),(2975,1519634037,0,0,0,1),(2976,1519634037,1,0,1,1),(2977,1519634037,1,0,1,1),(2978,1519634037,1,0,1,1),(2979,1519634037,0,0,0,1),(2980,1519634037,0,0,0,1),(2981,1519634037,1,0,1,1),(2982,1519634037,1,0,1,1),(2983,1519634037,1,0,1,1),(2984,1519634037,0,0,0,1),(2985,1519634037,0,0,0,1),(2986,1519634037,1,0,1,1),(2987,1519634037,1,0,1,1),(2988,1519634037,1,0,1,1),(2989,1519634037,0,0,0,1),(2990,1519634037,0,0,0,1),(2991,1519634037,1,0,1,1),(2992,1519634037,1,0,1,1),(2993,1519634037,1,0,1,1),(2994,1519634037,0,0,0,1),(2995,1519634037,0,0,0,1),(2996,1519634037,1,0,1,1),(2997,1519634037,1,0,1,1),(2998,1519634037,1,0,1,1),(2999,1519634037,0,0,0,1),(3000,1519634037,0,0,0,1),(3001,1519634037,1,0,1,1),(3002,1519634037,1,0,1,1),(3003,1519634037,1,0,1,1),(3004,1519634037,0,0,0,1),(3005,1519634037,0,0,0,1),(3006,1519634037,1,0,1,1),(3007,1519634037,1,0,1,1),(3008,1519634037,1,0,1,1),(3009,1519634037,0,0,0,1),(3010,1519634037,0,0,0,1),(3011,1519634037,1,0,1,1),(3012,1519634037,1,0,1,1),(3013,1519634037,1,0,1,1),(3014,1519634037,0,0,0,1),(3015,1519634037,0,0,0,1),(3016,1519634037,1,0,1,1),(3017,1519634037,1,0,1,1),(3018,1519634037,1,0,1,1),(3019,1519634037,0,0,0,1),(3020,1519634037,0,0,0,1),(3021,1519634037,1,0,1,1),(3022,1519634037,1,0,1,1),(3023,1519634037,1,0,1,1),(3024,1519634037,0,0,0,1),(3025,1519634037,0,0,0,1),(3026,1519634037,1,0,1,1),(3027,1519634037,1,0,1,1),(3028,1519634037,1,0,1,1),(3029,1519634037,0,0,0,1),(3030,1519634037,0,0,0,1),(3031,1519634037,1,0,1,1),(3032,1519634037,1,0,1,1),(3033,1519634037,1,0,1,1),(3034,1519634037,0,0,0,1),(3035,1519634037,0,0,0,1),(3036,1519634037,1,0,1,1),(3037,1519634037,1,0,1,1),(3038,1519634037,1,0,1,1),(3039,1519634037,0,0,0,1),(3040,1519634037,0,0,0,1),(3041,1519634037,1,0,1,1),(3042,1519634037,1,0,1,1),(3043,1519634037,1,0,1,1),(3044,1519634037,0,0,0,1),(3045,1519634037,0,0,0,1),(3046,1519634037,1,0,1,1),(3047,1519634037,1,0,1,1),(3048,1519634037,1,0,1,1),(3049,1519634037,0,0,0,1),(3050,1519634037,0,0,0,1),(3051,1519634037,1,0,1,1),(3052,1519634037,1,0,1,1),(3053,1519634037,1,0,1,1),(3054,1519634037,0,0,0,1),(3055,1519634037,0,0,0,1),(3056,1519634037,1,0,1,1),(3057,1519634037,1,0,1,1),(3058,1519634037,1,0,1,1),(3059,1519634037,0,0,0,1),(3060,1519634037,0,0,0,1),(3061,1519634037,1,0,1,1),(3062,1519634037,1,0,1,1),(3063,1519634037,1,0,1,1),(3064,1519634037,0,0,0,1),(3065,1519634037,0,0,0,1),(3066,1519634037,1,0,1,1),(3067,1519634037,1,0,1,1),(3068,1519634037,1,0,1,1),(3069,1519634037,0,0,0,1),(3070,1519634037,0,0,0,1),(3071,1519634037,1,0,1,1),(3072,1519634037,1,0,1,1),(3073,1519634037,1,0,1,1),(3074,1519634037,0,0,0,1),(3075,1519634037,0,0,0,1),(3076,1519634037,1,0,1,1),(3077,1519634037,1,0,1,1),(3078,1519634037,1,0,1,1),(3079,1519634037,0,0,0,1),(3080,1519634037,0,0,0,1),(3081,1519634037,1,0,1,1),(3082,1519634037,1,0,1,1),(3083,1519634037,1,0,1,1),(3084,1519634037,0,0,0,1),(3085,1519634037,0,0,0,1),(3086,1519634037,1,0,1,1),(3087,1519634037,1,0,1,1),(3088,1519634037,1,0,1,1),(3089,1519634037,0,0,0,1),(3090,1519634037,0,0,0,1),(3091,1519634037,1,0,1,1),(3092,1519634037,1,0,1,1),(3093,1519634037,1,0,1,1),(3094,1519634037,0,0,0,1),(3095,1519634037,0,0,0,1),(3096,1519634037,1,0,1,1),(3097,1519634037,1,0,1,1),(3098,1519634037,1,0,1,1),(3099,1519634037,0,0,0,1),(3100,1519634037,0,0,0,1),(3101,1519634037,1,0,1,1),(3102,1519634037,1,0,1,1),(3103,1519634037,1,0,1,1),(3104,1519634037,0,0,0,1),(3105,1519634037,0,0,0,1),(3106,1519634037,1,0,1,1),(3107,1519634037,1,0,1,1),(3108,1519634037,1,0,1,1),(3109,1519634037,0,0,0,1),(3110,1519634037,0,0,0,1),(3111,1519634037,1,0,1,1),(3112,1519634037,1,0,1,1),(3113,1519634037,1,0,1,1),(3114,1519634037,0,0,0,1),(3115,1519634037,0,0,0,1),(3116,1519634037,1,0,1,1),(3117,1519634037,1,0,1,1),(3118,1519634037,1,0,1,1),(3119,1519634037,0,0,0,1),(3120,1519634037,0,0,0,1),(3121,1519634037,1,0,1,1),(3122,1519634037,1,0,1,1),(3123,1519634037,1,0,1,1),(3124,1519634037,0,0,0,1),(3125,1519634037,0,0,0,1),(3126,1519634037,1,0,1,1),(3127,1519634037,1,0,1,1),(3128,1519634037,1,0,1,1),(3129,1519634037,0,0,0,1),(3130,1519634037,0,0,0,1),(3131,1519634037,1,0,1,1),(3132,1519634037,1,0,1,1),(3133,1519634037,1,0,1,1),(3134,1519634037,0,0,0,1),(3135,1519634037,0,0,0,1),(3136,1519634037,1,0,1,1),(3137,1519634037,1,0,1,1),(3138,1519634037,1,0,1,1),(3139,1519634037,0,0,0,1),(3140,1519634037,0,0,0,1),(3141,1519634037,1,0,1,1),(3142,1519634037,1,0,1,1),(3143,1519634037,1,0,1,1),(3144,1519634037,0,0,0,1),(3145,1519634037,0,0,0,1),(3146,1519634037,1,0,1,1),(3147,1519634037,1,0,1,1),(3148,1519634037,1,0,1,1),(3149,1519634037,0,0,0,1),(3150,1519634037,0,0,0,1),(3151,1519634037,1,0,1,1),(3152,1519634037,1,0,1,1),(3153,1519634037,1,0,1,1),(3154,1519634037,0,0,0,1),(3155,1519634037,0,0,0,1),(3156,1519634037,1,0,1,1),(3157,1519634037,1,0,1,1),(3158,1519634037,1,0,1,1),(3159,1519634037,0,0,0,1),(3160,1519634037,0,0,0,1),(3161,1519634037,1,0,1,1),(3162,1519634037,1,0,1,1),(3163,1519634037,1,0,1,1),(3164,1519634037,0,0,0,1),(3165,1519634037,0,0,0,1),(3166,1519634037,1,0,1,1),(3167,1519634037,1,0,1,1),(3168,1519634037,1,0,1,1),(3169,1519634037,0,0,0,1),(3170,1519634037,0,0,0,1),(3171,1519634037,1,0,1,1),(3172,1519634037,1,0,1,1),(3173,1519634037,1,0,1,1),(3174,1519634037,0,0,0,1),(3175,1519634037,0,0,0,1),(3176,1519634037,1,0,1,1),(3177,1519634037,1,0,1,1),(3178,1519634037,1,0,1,1),(3179,1519634037,0,0,0,1),(3180,1519634037,0,0,0,1),(3181,1519634037,1,0,1,1),(3182,1519634037,1,0,1,1),(3183,1519634037,1,0,1,1),(3184,1519634037,0,0,0,1),(3185,1519634037,0,0,0,1),(3186,1519634037,1,0,1,1),(3187,1519634037,1,0,1,1),(3188,1519634037,1,0,1,1),(3189,1519634037,0,0,0,1),(3190,1519634037,0,0,0,1),(3191,1519634037,1,0,1,1),(3192,1519634037,1,0,1,1),(3193,1519634037,1,0,1,1),(3194,1519634037,0,0,0,1),(3195,1519634037,0,0,0,1),(3196,1519634037,1,0,1,1),(3197,1519634037,1,0,1,1),(3198,1519634037,1,0,1,1),(3199,1519634037,0,0,0,1),(3200,1519634037,0,0,0,1),(3201,1519634037,1,0,1,1),(3202,1519634037,1,0,1,1),(3203,1519634037,1,0,1,1),(3204,1519634037,0,0,0,1),(3205,1519634037,0,0,0,1),(3206,1519634037,1,0,1,1),(3207,1519634037,1,0,1,1),(3208,1519634037,1,0,1,1),(3209,1519634037,0,0,0,1),(3210,1519634037,0,0,0,1),(3211,1519634037,1,0,1,1),(3212,1519634037,1,0,1,1),(3213,1519634037,1,0,1,1),(3214,1519634037,0,0,0,1),(3215,1519634037,0,0,0,1),(3216,1519634037,1,0,1,1),(3217,1519634037,1,0,1,1),(3218,1519634037,1,0,1,1),(3219,1519634037,0,0,0,1),(3220,1519634037,0,0,0,1),(3221,1519634037,1,0,1,1),(3222,1519634037,1,0,1,1),(3223,1519634037,1,0,1,1),(3224,1519634037,0,0,0,1),(3225,1519634037,0,0,0,1),(3226,1519634037,1,0,1,1),(3227,1519634037,1,0,1,1),(3228,1519634037,1,0,1,1),(3229,1519634037,0,0,0,1),(3230,1519634037,0,0,0,1),(3231,1519634037,1,0,1,1),(3232,1519634037,1,0,1,1),(3233,1519634037,1,0,1,1),(3234,1519634037,0,0,0,1),(3235,1519634037,0,0,0,1),(3236,1519634037,1,0,1,1),(3237,1519634037,1,0,1,1),(3238,1519634037,1,0,1,1),(3239,1519634037,0,0,0,1),(3240,1519634037,0,0,0,1),(3241,1519634037,1,0,1,1),(3242,1519634037,1,0,1,1),(3243,1519634037,1,0,1,1),(3244,1519634037,0,0,0,1),(3245,1519634037,0,0,0,1),(3246,1519634037,1,0,1,1),(3247,1519634037,1,0,1,1),(3248,1519634037,1,0,1,1),(3249,1519634037,0,0,0,1),(3250,1519634037,0,0,0,1),(3251,1519634037,1,0,1,1),(3252,1519634037,1,0,1,1),(3253,1519634037,1,0,1,1),(3254,1519634037,0,0,0,1),(3255,1519634037,0,0,0,1),(3256,1519634037,1,0,1,1),(3257,1519634037,1,0,1,1),(3258,1519634037,1,0,1,1),(3259,1519634037,0,0,0,1),(3260,1519634037,0,0,0,1),(3261,1519634037,1,0,1,1),(3262,1519634037,1,0,1,1),(3263,1519634037,1,0,1,1),(3264,1519634037,0,0,0,1),(3265,1519634037,0,0,0,1),(3266,1519634037,1,0,1,1),(3267,1519634037,1,0,1,1),(3268,1519634037,1,0,1,1),(3269,1519634037,0,0,0,1),(3270,1519634037,0,0,0,1),(3271,1519634037,1,0,1,1),(3272,1519634037,1,0,1,1),(3273,1519634037,1,0,1,1),(3274,1519634037,0,0,0,1),(3275,1519634037,0,0,0,1),(3276,1519634037,1,0,1,1),(3277,1519634037,1,0,1,1),(3278,1519634037,1,0,1,1),(3279,1519634037,0,0,0,1),(3280,1519634037,0,0,0,1),(3281,1519634037,1,0,1,1),(3282,1519634037,1,0,1,1),(3283,1519634037,1,0,1,1),(3284,1519634037,0,0,0,1),(3285,1519634037,0,0,0,1),(3286,1519634037,1,0,1,1),(3287,1519634037,1,0,1,1),(3288,1519634037,1,0,1,1),(3289,1519634037,0,0,0,1),(3290,1519634037,0,0,0,1),(3291,1519634037,1,0,1,1),(3292,1519634037,1,0,1,1),(3293,1519634037,1,0,1,1),(3294,1519634037,0,0,0,1),(3295,1519634037,0,0,0,1),(3296,1519634037,1,0,1,1),(3297,1519634037,1,0,1,1),(3298,1519634037,1,0,1,1),(3299,1519634037,0,0,0,1),(3300,1519634037,0,0,0,1),(3301,1519634037,1,0,1,1),(3302,1519634037,1,0,1,1),(3303,1519634037,1,0,1,1),(3304,1519634037,0,0,0,1),(3305,1519634037,0,0,0,1),(3306,1519634037,1,0,1,1),(3307,1519634037,1,0,1,1),(3308,1519634037,1,0,1,1),(3309,1519634037,0,0,0,1),(3310,1519634037,0,0,0,1),(3311,1519634037,1,0,1,1),(3312,1519634037,1,0,1,1),(3313,1519634037,1,0,1,1),(3314,1519634037,0,0,0,1),(3315,1519634037,0,0,0,1),(3316,1519634037,1,0,1,1),(3317,1519634037,1,0,1,1),(3318,1519634037,1,0,1,1),(3319,1519634037,0,0,0,1),(3320,1519634037,0,0,0,1),(3321,1519634037,1,0,1,1),(3322,1519634037,1,0,1,1),(3323,1519634037,1,0,1,1),(3324,1519634037,0,0,0,1),(3325,1519634037,0,0,0,1),(3326,1519634037,1,0,1,1),(3327,1519634037,1,0,1,1),(3328,1519634037,1,0,1,1),(3329,1519634037,0,0,0,1),(3330,1519634037,0,0,0,1),(3331,1519634037,1,0,1,1),(3332,1519634037,1,0,1,1),(3333,1519634037,1,0,1,1),(3334,1519634037,0,0,0,1),(3335,1519634037,0,0,0,1),(3336,1519634037,1,0,1,1),(3337,1519634037,1,0,1,1),(3338,1519634037,1,0,1,1),(3339,1519634037,0,0,0,1),(3340,1519634037,0,0,0,1),(3341,1519634037,1,0,1,1),(3342,1519634037,1,0,1,1),(3343,1519634037,1,0,1,1),(3344,1519634037,0,0,0,1),(3345,1519634037,0,0,0,1),(3346,1519634037,1,0,1,1),(3347,1519634037,1,0,1,1),(3348,1519634037,1,0,1,1),(3349,1519634037,0,0,0,1),(3350,1519634037,0,0,0,1),(3351,1519634037,1,0,1,1),(3352,1519634037,1,0,1,1),(3353,1519634037,1,0,1,1),(3354,1519634037,0,0,0,1),(3355,1519634037,0,0,0,1),(3356,1519634037,1,0,1,1),(3357,1519634037,1,0,1,1),(3358,1519634037,1,0,1,1),(3359,1519634037,0,0,0,1),(3360,1519634037,0,0,0,1),(3361,1519634037,1,0,1,1),(3362,1519634037,1,0,1,1),(3363,1519634037,1,0,1,1),(3364,1519634037,0,0,0,1),(3365,1519634037,0,0,0,1),(3366,1519634037,1,0,1,1),(3367,1519634037,1,0,1,1),(3368,1519634037,1,0,1,1),(3369,1519634037,0,0,0,1),(3370,1519634037,0,0,0,1),(3371,1519634037,1,0,1,1),(3372,1519634037,1,0,1,1),(3373,1519634037,1,0,1,1),(3374,1519634037,0,0,0,1),(3375,1519634037,0,0,0,1),(3376,1519634037,1,0,1,1),(3377,1519634037,1,0,1,1),(3378,1519634037,1,0,1,1),(3379,1519634037,0,0,0,1),(3380,1519634037,0,0,0,1),(3381,1519634037,1,0,1,1),(3382,1519634037,1,0,1,1),(3383,1519634037,1,0,1,1),(3384,1519634037,0,0,0,1),(3385,1519634037,0,0,0,1),(3386,1519634037,1,0,1,1),(3387,1519634037,1,0,1,1),(3388,1519634037,1,0,1,1),(3389,1519634037,0,0,0,1),(3390,1519634037,0,0,0,1),(3391,1519634037,1,0,1,1),(3392,1519634037,1,0,1,1),(3393,1519634037,1,0,1,1),(3394,1519634037,0,0,0,1),(3395,1519634037,0,0,0,1),(3396,1519634037,1,0,1,1),(3397,1519634037,1,0,1,1),(3398,1519634037,1,0,1,1),(3399,1519634037,0,0,0,1),(3400,1519634037,0,0,0,1),(3401,1519634037,1,0,1,1),(3402,1519634037,1,0,1,1),(3403,1519634037,1,0,1,1),(3404,1519634037,0,0,0,1),(3405,1519634037,0,0,0,1),(3406,1519634037,1,0,1,1),(3407,1519634037,1,0,1,1),(3408,1519634037,1,0,1,1),(3409,1519634037,0,0,0,1),(3410,1519634037,0,0,0,1),(3411,1519634037,1,0,1,1),(3412,1519634037,1,0,1,1),(3413,1519634037,1,0,1,1),(3414,1519634037,0,0,0,1),(3415,1519634037,0,0,0,1),(3416,1519634037,1,0,1,1),(3417,1519634037,1,0,1,1),(3418,1519634037,1,0,1,1),(3419,1519634037,0,0,0,1),(3420,1519634037,0,0,0,1),(3421,1519634037,1,0,1,1),(3422,1519634037,1,0,1,1),(3423,1519634037,1,0,1,1),(3424,1519634037,0,0,0,1),(3425,1519634037,0,0,0,1),(3426,1519634037,1,0,1,1),(3427,1519634037,1,0,1,1),(3428,1519634037,1,0,1,1),(3429,1519634037,0,0,0,1),(3430,1519634037,0,0,0,1),(3431,1519634037,1,0,1,1),(3432,1519634037,1,0,1,1),(3433,1519634037,1,0,1,1),(3434,1519634037,0,0,0,1),(3435,1519634037,0,0,0,1),(3436,1519634037,1,0,1,1),(3437,1519634037,1,0,1,1),(3438,1519634037,1,0,1,1),(3439,1519634037,0,0,0,1),(3440,1519634037,0,0,0,1),(3441,1519634037,1,0,1,1),(3442,1519634037,1,0,1,1),(3443,1519634037,1,0,1,1),(3444,1519634037,0,0,0,1),(3445,1519634037,0,0,0,1),(3446,1519634037,1,0,1,1),(3447,1519634037,1,0,1,1),(3448,1519634037,1,0,1,1),(3449,1519634037,0,0,0,1),(3450,1519634037,0,0,0,1),(3451,1519634037,1,0,1,1),(3452,1519634037,1,0,1,1),(3453,1519634037,1,0,1,1),(3454,1519634037,0,0,0,1),(3455,1519634037,0,0,0,1),(3456,1519634037,1,0,1,1),(3457,1519634037,1,0,1,1),(3458,1519634037,1,0,1,1),(3459,1519634037,0,0,0,1),(3460,1519634037,0,0,0,1),(3461,1519634037,1,0,1,1),(3462,1519634037,1,0,1,1),(3463,1519634037,1,0,1,1),(3464,1519634037,0,0,0,1),(3465,1519634037,0,0,0,1),(3466,1519634037,1,0,1,1),(3467,1519634037,1,0,1,1),(3468,1519634037,1,0,1,1),(3469,1519634037,0,0,0,1),(3470,1519634037,0,0,0,1),(3471,1519634037,1,0,1,1),(3472,1519634037,1,0,1,1),(3473,1519634037,1,0,1,1),(3474,1519634037,0,0,0,1),(3475,1519634037,0,0,0,1),(3476,1519634037,1,0,1,1),(3477,1519634037,1,0,1,1),(3478,1519634037,1,0,1,1),(3479,1519634037,0,0,0,1),(3480,1519634037,0,0,0,1),(3481,1519634037,1,0,1,1),(3482,1519634037,1,0,1,1),(3483,1519634037,1,0,1,1),(3484,1519634037,0,0,0,1),(3485,1519634037,0,0,0,1),(3486,1519634037,1,0,1,1),(3487,1519634037,1,0,1,1),(3488,1519634037,1,0,1,1),(3489,1519634037,0,0,0,1),(3490,1519634037,0,0,0,1),(3491,1519634037,1,0,1,1),(3492,1519634037,1,0,1,1),(3493,1519634037,1,0,1,1),(3494,1519634037,0,0,0,1),(3495,1519634037,0,0,0,1),(3496,1519634037,1,0,1,1),(3497,1519634037,1,0,1,1),(3498,1519634037,1,0,1,1),(3499,1519634037,0,0,0,1),(3500,1519634037,0,0,0,1),(3501,1519634037,1,0,1,1),(3502,1519634037,1,0,1,1),(3503,1519634037,1,0,1,1),(3504,1519634037,0,0,0,1),(3505,1519634037,0,0,0,1),(3506,1519634037,1,0,1,1),(3507,1519634037,1,0,1,1),(3508,1519634037,1,0,1,1),(3509,1519634037,0,0,0,1),(3510,1519634037,0,0,0,1),(3511,1519634037,1,0,1,1),(3512,1519634037,1,0,1,1),(3513,1519634037,1,0,1,1),(3514,1519634037,0,0,0,1),(3515,1519634037,0,0,0,1),(3516,1519634037,1,0,1,1),(3517,1519634037,1,0,1,1),(3518,1519634037,1,0,1,1),(3519,1519634037,0,0,0,1),(3520,1519634037,0,0,0,1),(3521,1519634037,1,0,1,1),(3522,1519634037,1,0,1,1),(3523,1519634037,1,0,1,1),(3524,1519634037,0,0,0,1),(3525,1519634037,0,0,0,1),(3526,1519634037,1,0,1,1),(3527,1519634037,1,0,1,1),(3528,1519634037,1,0,1,1),(3529,1519634037,0,0,0,1),(3530,1519634037,0,0,0,1),(3531,1519634037,1,0,1,1),(3532,1519634037,1,0,1,1),(3533,1519634037,1,0,1,1),(3534,1519634037,0,0,0,1),(3535,1519634037,0,0,0,1),(3536,1519634037,1,0,1,1),(3537,1519634037,1,0,1,1),(3538,1519634037,1,0,1,1),(3539,1519634037,0,0,0,1),(3540,1519634037,0,0,0,1),(3541,1519634037,1,0,1,1),(3542,1519634037,1,0,1,1),(3543,1519634037,1,0,1,1),(3544,1519634037,0,0,0,1),(3545,1519634037,0,0,0,1),(3546,1519634037,1,0,1,1),(3547,1519634037,1,0,1,1),(3548,1519634037,1,0,1,1),(3549,1519634037,0,0,0,1),(3550,1519634037,0,0,0,1),(3551,1519634037,1,0,1,1),(3552,1519634037,1,0,1,1),(3553,1519634037,1,0,1,1),(3554,1519634037,0,0,0,1),(3555,1519634037,0,0,0,1),(3556,1519634037,1,0,1,1),(3557,1519634037,1,0,1,1),(3558,1519634037,1,0,1,1),(3559,1519634037,0,0,0,1),(3560,1519634037,0,0,0,1),(3561,1519634037,1,0,1,1),(3562,1519634037,1,0,1,1),(3563,1519634037,1,0,1,1),(3564,1519634037,0,0,0,1),(3565,1519634037,0,0,0,1),(3566,1519634037,1,0,1,1),(3567,1519634037,1,0,1,1),(3568,1519634037,1,0,1,1),(3569,1519634037,0,0,0,1),(3570,1519634037,0,0,0,1),(3571,1519634037,1,0,1,1),(3572,1519634037,1,0,1,1),(3573,1519634037,1,0,1,1),(3574,1519634037,0,0,0,1),(3575,1519634037,0,0,0,1),(3576,1519634037,1,0,1,1),(3577,1519634037,1,0,1,1),(3578,1519634037,1,0,1,1),(3579,1519634037,0,0,0,1),(3580,1519634037,0,0,0,1),(3581,1519634037,1,0,1,1),(3582,1519634037,1,0,1,1),(3583,1519634037,1,0,1,1),(3584,1519634037,0,0,0,1),(3585,1519634037,0,0,0,1),(3586,1519634037,1,0,1,1),(3587,1519634037,1,0,1,1),(3588,1519634037,1,0,1,1),(3589,1519634037,0,0,0,1),(3590,1519634037,0,0,0,1),(3591,1519634037,1,0,1,1),(3592,1519634037,1,0,1,1),(3593,1519634037,1,0,1,1),(3594,1519634037,0,0,0,1),(3595,1519634037,0,0,0,1),(3596,1519634037,1,0,1,1),(3597,1519634037,1,0,1,1),(3598,1519634037,1,0,1,1),(3599,1519634037,0,0,0,1),(3600,1519634037,0,0,0,1),(3601,1519634037,1,0,1,1),(3602,1519634037,1,0,1,1),(3603,1519634037,1,0,1,1),(3604,1519634037,0,0,0,1),(3605,1519634037,0,0,0,1),(3606,1519634037,1,0,1,1),(3607,1519634037,1,0,1,1),(3608,1519634037,1,0,1,1),(3609,1519634037,0,0,0,1),(3610,1519634037,0,0,0,1),(3611,1519634037,1,0,1,1),(3612,1519634037,1,0,1,1),(3613,1519634037,1,0,1,1),(3614,1519634037,0,0,0,1),(3615,1519634037,0,0,0,1),(3616,1519634037,1,0,1,1),(3617,1519634037,1,0,1,1),(3618,1519634037,1,0,1,1),(3619,1519634037,0,0,0,1),(3620,1519634037,0,0,0,1),(3621,1519634037,1,0,1,1),(3622,1519634037,1,0,1,1),(3623,1519634037,1,0,1,1),(3624,1519634037,0,0,0,1),(3625,1519634037,0,0,0,1),(3626,1519634037,1,0,1,1),(3627,1519634037,1,0,1,1),(3628,1519634037,1,0,1,1),(3629,1519634037,0,0,0,1),(3630,1519634037,0,0,0,1),(3631,1519634037,1,0,1,1),(3632,1519634037,1,0,1,1),(3633,1519634037,1,0,1,1),(3634,1519634037,0,0,0,1),(3635,1519634037,0,0,0,1),(3636,1519634037,1,0,1,1),(3637,1519634037,1,0,1,1),(3638,1519634037,1,0,1,1),(3639,1519634037,0,0,0,1),(3640,1519634037,0,0,0,1),(3641,1519634037,1,0,1,1),(3642,1519634037,1,0,1,1),(3643,1519634037,1,0,1,1),(3644,1519634037,0,0,0,1),(3645,1519634037,0,0,0,1),(3646,1519634037,1,0,1,1),(3647,1519634037,1,0,1,1),(3648,1519634037,1,0,1,1),(3649,1519634037,0,0,0,1),(3650,1519634037,0,0,0,1),(3651,1519634037,1,0,1,1),(3652,1519634037,1,0,1,1),(3653,1519634037,1,0,1,1),(3654,1519634037,0,0,0,1),(3655,1519634037,0,0,0,1),(3656,1519634037,1,0,1,1),(3657,1519634037,1,0,1,1),(3658,1519634037,1,0,1,1),(3659,1519634037,0,0,0,1),(3660,1519634037,0,0,0,1),(3661,1519634037,1,0,1,1),(3662,1519634037,1,0,1,1),(3663,1519634037,1,0,1,1),(3664,1519634037,0,0,0,1),(3665,1519634037,0,0,0,1),(3666,1519634037,1,0,1,1),(3667,1519634037,1,0,1,1),(3668,1519634037,1,0,1,1),(3669,1519634037,0,0,0,1),(3670,1519634037,0,0,0,1),(3671,1519634037,1,0,1,1),(3672,1519634037,1,0,1,1),(3673,1519634037,1,0,1,1),(3674,1519634037,0,0,0,1),(3675,1519634037,0,0,0,1),(3676,1519634037,1,0,1,1),(3677,1519634037,1,0,1,1),(3678,1519634037,1,0,1,1),(3679,1519634037,0,0,0,1),(3680,1519634037,0,0,0,1),(3681,1519634037,1,0,1,1),(3682,1519634037,1,0,1,1),(3683,1519634037,1,0,1,1),(3684,1519634037,0,0,0,1),(3685,1519634037,0,0,0,1),(3686,1519634037,1,0,1,1),(3687,1519634037,1,0,1,1),(3688,1519634037,1,0,1,1),(3689,1519634037,0,0,0,1),(3690,1519634037,0,0,0,1),(3691,1519634037,1,0,1,1),(3692,1519634037,1,0,1,1),(3693,1519634037,1,0,1,1),(3694,1519634037,0,0,0,1),(3695,1519634037,0,0,0,1),(3696,1519634037,1,0,1,1),(3697,1519634037,1,0,1,1),(3698,1519634037,1,0,1,1),(3699,1519634037,0,0,0,1),(3700,1519634037,0,0,0,1),(3701,1519634037,1,0,1,1),(3702,1519634037,1,0,1,1),(3703,1519634037,1,0,1,1),(3704,1519634037,0,0,0,1),(3705,1519634037,0,0,0,1),(3706,1519634037,1,0,1,1),(3707,1519634037,1,0,1,1),(3708,1519634037,1,0,1,1),(3709,1519634037,0,0,0,1),(3710,1519634037,0,0,0,1),(3711,1519634037,1,0,1,1),(3712,1519634037,1,0,1,1),(3713,1519634037,1,0,1,1),(3714,1519634037,0,0,0,1),(3715,1519634037,0,0,0,1),(3716,1519634037,1,0,1,1),(3717,1519634037,1,0,1,1),(3718,1519634037,1,0,1,1),(3719,1519634037,0,0,0,1),(3720,1519634037,0,0,0,1),(3721,1519634037,1,0,1,1),(3722,1519634037,1,0,1,1),(3723,1519634037,1,0,1,1),(3724,1519634037,0,0,0,1),(3725,1519634037,0,0,0,1),(3726,1519634037,1,0,1,1),(3727,1519634037,1,0,1,1),(3728,1519634037,1,0,1,1),(3729,1519634037,0,0,0,1),(3730,1519634037,0,0,0,1),(3731,1519634037,1,0,1,1),(3732,1519634037,1,0,1,1),(3733,1519634037,1,0,1,1),(3734,1519634037,0,0,0,1),(3735,1519634037,0,0,0,1),(3736,1519634037,1,0,1,1),(3737,1519634037,1,0,1,1),(3738,1519634037,1,0,1,1),(3739,1519634037,0,0,0,1),(3740,1519634037,0,0,0,1),(3741,1519634037,1,0,1,1),(3742,1519634037,1,0,1,1),(3743,1519634037,1,0,1,1),(3744,1519634037,0,0,0,1),(3745,1519634037,0,0,0,1),(3746,1519634037,1,0,1,1),(3747,1519634037,1,0,1,1),(3748,1519634037,1,0,1,1),(3749,1519634037,0,0,0,1),(3750,1519634037,0,0,0,1),(3751,1519634037,1,0,1,1),(3752,1519634037,1,0,1,1),(3753,1519634037,1,0,1,1),(3754,1519634037,0,0,0,1),(3755,1519634037,0,0,0,1),(3756,1519634037,1,0,1,1),(3757,1519634037,1,0,1,1),(3758,1519634037,1,0,1,1),(3759,1519634037,0,0,0,1),(3760,1519634037,0,0,0,1),(3761,1519634037,1,0,1,1),(3762,1519634037,1,0,1,1),(3763,1519634037,1,0,1,1),(3764,1519634037,0,0,0,1),(3765,1519634037,0,0,0,1),(3766,1519634037,1,0,1,1),(3767,1519634037,1,0,1,1),(3768,1519634037,1,0,1,1),(3769,1519634037,0,0,0,1),(3770,1519634037,0,0,0,1),(3771,1519634037,1,0,1,1),(3772,1519634037,1,0,1,1),(3773,1519634037,1,0,1,1),(3774,1519634037,0,0,0,1),(3775,1519634037,0,0,0,1),(3776,1519634037,1,0,1,1),(3777,1519634037,1,0,1,1),(3778,1519634037,1,0,1,1),(3779,1519634037,0,0,0,1),(3780,1519634037,0,0,0,1),(3781,1519634037,1,0,1,1),(3782,1519634037,1,0,1,1),(3783,1519634037,1,0,1,1),(3784,1519634037,0,0,0,1),(3785,1519634037,0,0,0,1),(3786,1519634037,1,0,1,1),(3787,1519634037,1,0,1,1),(3788,1519634037,1,0,1,1),(3789,1519634037,0,0,0,1),(3790,1519634037,0,0,0,1),(3791,1519634037,1,0,1,1),(3792,1519634037,1,0,1,1),(3793,1519634037,1,0,1,1),(3794,1519634037,0,0,0,1),(3795,1519634037,0,0,0,1),(3796,1519634037,1,0,1,1),(3797,1519634037,1,0,1,1),(3798,1519634037,1,0,1,1),(3799,1519634037,0,0,0,1),(3800,1519634037,0,0,0,1),(3801,1519634037,1,0,1,1),(3802,1519634037,1,0,1,1),(3803,1519634037,1,0,1,1),(3804,1519634037,0,0,0,1),(3805,1519634037,0,0,0,1),(3806,1519634037,1,0,1,1),(3807,1519634037,1,0,1,1),(3808,1519634037,1,0,1,1),(3809,1519634037,0,0,0,1),(3810,1519634037,0,0,0,1),(3811,1519634037,1,0,1,1),(3812,1519634037,1,0,1,1),(3813,1519634037,1,0,1,1),(3814,1519634037,0,0,0,1),(3815,1519634037,0,0,0,1),(3816,1519634037,1,0,1,1),(3817,1519634037,1,0,1,1),(3818,1519634037,1,0,1,1),(3819,1519634037,0,0,0,1),(3820,1519634037,0,0,0,1),(3821,1519634037,1,0,1,1),(3822,1519634037,1,0,1,1),(3823,1519634037,1,0,1,1),(3824,1519634037,0,0,0,1),(3825,1519634037,0,0,0,1),(3826,1519634037,1,0,1,1),(3827,1519634037,1,0,1,1),(3828,1519634037,1,0,1,1),(3829,1519634037,0,0,0,1),(3830,1519634037,0,0,0,1),(3831,1519634037,1,0,1,1),(3832,1519634037,1,0,1,1),(3833,1519634037,1,0,1,1),(3834,1519634037,0,0,0,1),(3835,1519634037,0,0,0,1),(3836,1519634037,1,0,1,1),(3837,1519634037,1,0,1,1),(3838,1519634037,1,0,1,1),(3839,1519634037,0,0,0,1),(3840,1519634037,0,0,0,1),(3841,1519634037,1,0,1,1),(3842,1519634037,1,0,1,1),(3843,1519634037,1,0,1,1),(3844,1519634037,0,0,0,1),(3845,1519634037,0,0,0,1),(3846,1519634037,1,0,1,1),(3847,1519634037,1,0,1,1),(3848,1519634037,1,0,1,1),(3849,1519634037,0,0,0,1),(3850,1519634037,0,0,0,1),(3851,1519634037,1,0,1,1),(3852,1519634037,1,0,1,1),(3853,1519634037,1,0,1,1),(3854,1519634037,0,0,0,1),(3855,1519634037,0,0,0,1),(3856,1519634037,1,0,1,1),(3857,1519634037,1,0,1,1),(3858,1519634037,1,0,1,1),(3859,1519634037,0,0,0,1),(3860,1519634037,0,0,0,1),(3861,1519634037,1,0,1,1),(3862,1519634037,1,0,1,1),(3863,1519634037,1,0,1,1),(3864,1519634037,0,0,0,1),(3865,1519634037,0,0,0,1),(3866,1519634037,1,0,1,1),(3867,1519634037,1,0,1,1),(3868,1519634037,1,0,1,1),(3869,1519634037,0,0,0,1),(3870,1519634037,0,0,0,1),(3871,1519634037,1,0,1,1),(3872,1519634037,1,0,1,1),(3873,1519634037,1,0,1,1),(3874,1519634037,0,0,0,1),(3875,1519634037,0,0,0,1),(3876,1519634037,1,0,1,1),(3877,1519634037,1,0,1,1),(3878,1519634037,1,0,1,1),(3879,1519634037,0,0,0,1),(3880,1519634037,0,0,0,1),(3881,1519634037,1,0,1,1),(3882,1519634037,1,0,1,1),(3883,1519634037,1,0,1,1),(3884,1519634037,0,0,0,1),(3885,1519634037,0,0,0,1),(3886,1519634037,1,0,1,1),(3887,1519634037,1,0,1,1),(3888,1519634037,1,0,1,1),(3889,1519634037,0,0,0,1),(3890,1519634037,0,0,0,1),(3891,1519634037,1,0,1,1),(3892,1519634037,1,0,1,1),(3893,1519634037,1,0,1,1),(3894,1519634037,0,0,0,1),(3895,1519634037,0,0,0,1),(3896,1519634037,1,0,1,1),(3897,1519634037,1,0,1,1),(3898,1519634037,1,0,1,1),(3899,1519634037,0,0,0,1),(3900,1519634037,0,0,0,1),(3901,1519634037,1,0,1,1),(3902,1519634037,1,0,1,1),(3903,1519634037,1,0,1,1),(3904,1519634037,0,0,0,1),(3905,1519634037,0,0,0,1),(3906,1519634037,1,0,1,1),(3907,1519634037,1,0,1,1),(3908,1519634037,1,0,1,1),(3909,1519634037,0,0,0,1),(3910,1519634037,0,0,0,1),(3911,1519634037,1,0,1,1),(3912,1519634037,1,0,1,1),(3913,1519634037,1,0,1,1),(3914,1519634037,0,0,0,1),(3915,1519634037,0,0,0,1),(3916,1519634037,1,0,1,1),(3917,1519634037,1,0,1,1),(3918,1519634037,1,0,1,1),(3919,1519634037,0,0,0,1),(3920,1519634037,0,0,0,1),(3921,1519634037,1,0,1,1),(3922,1519634037,1,0,1,1),(3923,1519634037,1,0,1,1),(3924,1519634037,0,0,0,1),(3925,1519634037,0,0,0,1),(3926,1519634037,1,0,1,1),(3927,1519634037,1,0,1,1),(3928,1519634037,1,0,1,1),(3929,1519634037,0,0,0,1),(3930,1519634037,0,0,0,1),(3931,1519634037,1,0,1,1),(3932,1519634037,1,0,1,1),(3933,1519634037,1,0,1,1),(3934,1519634037,0,0,0,1),(3935,1519634037,0,0,0,1),(3936,1519634037,1,0,1,1),(3937,1519634037,1,0,1,1),(3938,1519634037,1,0,1,1),(3939,1519634037,0,0,0,1),(3940,1519634037,0,0,0,1),(3941,1519634037,1,0,1,1),(3942,1519634037,1,0,1,1),(3943,1519634037,1,0,1,1),(3944,1519634037,0,0,0,1),(3945,1519634037,0,0,0,1),(3946,1519634037,1,0,1,1),(3947,1519634037,1,0,1,1),(3948,1519634037,1,0,1,1),(3949,1519634037,0,0,0,1),(3950,1519634037,0,0,0,1),(3951,1519634037,1,0,1,1),(3952,1519634037,1,0,1,1),(3953,1519634037,1,0,1,1),(3954,1519634037,0,0,0,1),(3955,1519634037,0,0,0,1),(3956,1519634037,1,0,1,1),(3957,1519634037,1,0,1,1),(3958,1519634037,1,0,1,1),(3959,1519634037,0,0,0,1),(3960,1519634037,0,0,0,1),(3961,1519634037,1,0,1,1),(3962,1519634037,1,0,1,1),(3963,1519634037,1,0,1,1),(3964,1519634037,0,0,0,1),(3965,1519634037,0,0,0,1),(3966,1519634037,1,0,1,1),(3967,1519634037,1,0,1,1),(3968,1519634037,1,0,1,1),(3969,1519634037,0,0,0,1),(3970,1519634037,0,0,0,1),(3971,1519634037,1,0,1,1),(3972,1519634037,1,0,1,1),(3973,1519634037,1,0,1,1),(3974,1519634037,0,0,0,1),(3975,1519634037,0,0,0,1),(3976,1519634037,1,0,1,1),(3977,1519634037,1,0,1,1),(3978,1519634037,1,0,1,1),(3979,1519634037,0,0,0,1);
INSERT INTO `event` VALUES (3980,1519634037,0,0,0,1),(3981,1519634037,1,0,1,1),(3982,1519634037,1,0,1,1),(3983,1519634037,1,0,1,1),(3984,1519634037,0,0,0,1),(3985,1519634037,0,0,0,1),(3986,1519634037,1,0,1,1),(3987,1519634037,1,0,1,1),(3988,1519634037,1,0,1,1),(3989,1519634037,0,0,0,1),(3990,1519634037,0,0,0,1),(3991,1519634037,1,0,1,1),(3992,1519634037,1,0,1,1),(3993,1519634037,1,0,1,1),(3994,1519634037,0,0,0,1),(3995,1519634037,0,0,0,1),(3996,1519634037,1,0,1,1),(3997,1519634037,1,0,1,1),(3998,1519634037,1,0,1,1),(3999,1519634037,0,0,0,1),(4000,1519634037,0,0,0,1),(4001,1519634037,1,0,1,1),(4002,1519634037,1,0,1,1),(4003,1519634037,1,0,1,1),(4004,1519634037,0,0,0,1),(4005,1519634037,0,0,0,1),(4006,1519634037,1,0,1,1),(4007,1519634037,1,0,1,1),(4008,1519634037,1,0,1,1),(4009,1519634037,0,0,0,1),(4010,1519634037,0,0,0,1),(4011,1519634037,1,0,1,1),(4012,1519634037,1,0,1,1),(4013,1519634037,1,0,1,1),(4014,1519634037,0,0,0,1),(4015,1519634037,0,0,0,1),(4016,1519634037,1,0,1,1),(4017,1519634037,1,0,1,1),(4018,1519634037,1,0,1,1),(4019,1519634037,0,0,0,1),(4020,1519634037,0,0,0,1),(4021,1519634037,1,0,1,1),(4022,1519634037,1,0,1,1),(4023,1519634037,1,0,1,1),(4024,1519634037,0,0,0,1),(4025,1519634037,0,0,0,1),(4026,1519634037,1,0,1,1),(4027,1519634037,1,0,1,1),(4028,1519634037,1,0,1,1),(4029,1519634037,0,0,0,1),(4030,1519634037,0,0,0,1),(4031,1519634037,1,0,1,1),(4032,1519634037,1,0,1,1),(4033,1519634037,1,0,1,1),(4034,1519634037,0,0,0,1),(4035,1519634037,0,0,0,1),(4036,1519634037,1,0,1,1),(4037,1519634037,1,0,1,1),(4038,1519634037,1,0,1,1),(4039,1519634037,0,0,0,1),(4040,1519634037,0,0,0,1),(4041,1519634037,1,0,1,1),(4042,1519634037,1,0,1,1),(4043,1519634037,1,0,1,1),(4044,1519634037,0,0,0,1),(4045,1519634037,0,0,0,1),(4046,1519634037,1,0,1,1),(4047,1519634037,1,0,1,1),(4048,1519634037,1,0,1,1),(4049,1519634037,0,0,0,1),(4050,1519634037,0,0,0,1),(4051,1519634037,1,0,1,1),(4052,1519634037,1,0,1,1),(4053,1519634037,1,0,1,1),(4054,1519634037,0,0,0,1),(4055,1519634037,0,0,0,1),(4056,1519634037,1,0,1,1),(4057,1519634037,1,0,1,1),(4058,1519634037,1,0,1,1),(4059,1519634037,0,0,0,1),(4060,1519634037,0,0,0,1),(4061,1519634037,1,0,1,1),(4062,1519634037,1,0,1,1),(4063,1519634037,1,0,1,1),(4064,1519634037,0,0,0,1),(4065,1519634037,0,0,0,1),(4066,1519634037,1,0,1,1),(4067,1519634037,1,0,1,1),(4068,1519634037,1,0,1,1),(4069,1519634037,0,0,0,1),(4070,1519634037,0,0,0,1),(4071,1519634037,1,0,1,1),(4072,1519634037,1,0,1,1),(4073,1519634037,1,0,1,1),(4074,1519634037,0,0,0,1),(4075,1519634037,0,0,0,1),(4076,1519634037,1,0,1,1),(4077,1519634037,1,0,1,1),(4078,1519634037,1,0,1,1),(4079,1519634037,0,0,0,1),(4080,1519634037,0,0,0,1),(4081,1519634037,1,0,1,1),(4082,1519634037,1,0,1,1),(4083,1519634037,1,0,1,1),(4084,1519634037,0,0,0,1),(4085,1519634037,0,0,0,1),(4086,1519634037,1,0,1,1),(4087,1519634037,1,0,1,1),(4088,1519634037,1,0,1,1),(4089,1519634037,0,0,0,1),(4090,1519634037,0,0,0,1),(4091,1519634037,1,0,1,1),(4092,1519634037,1,0,1,1),(4093,1519634037,1,0,1,1),(4094,1519634037,0,0,0,1),(4095,1519634037,0,0,0,1),(4096,1519634037,1,0,1,1),(4097,1519634037,1,0,1,1),(4098,1519634037,1,0,1,1),(4099,1519634037,0,0,0,1),(4100,1519634037,0,0,0,1),(4101,1519634037,1,0,1,1),(4102,1519634037,1,0,1,1),(4103,1519634037,1,0,1,1),(4104,1519634037,0,0,0,1),(4105,1519634037,0,0,0,1),(4106,1519634037,1,0,1,1),(4107,1519634037,1,0,1,1),(4108,1519634037,1,0,1,1),(4109,1519634037,0,0,0,1),(4110,1519634037,0,0,0,1),(4111,1519634037,1,0,1,1),(4112,1519634037,1,0,1,1),(4113,1519634037,1,0,1,1),(4114,1519634037,0,0,0,1),(4115,1519634037,0,0,0,1),(4116,1519634037,1,0,1,1),(4117,1519634037,1,0,1,1),(4118,1519634037,1,0,1,1),(4119,1519634037,0,0,0,1),(4120,1519634037,0,0,0,1),(4121,1519634037,1,0,1,1),(4122,1519634037,1,0,1,1),(4123,1519634037,1,0,1,1),(4124,1519634037,0,0,0,1),(4125,1519634037,0,0,0,1),(4126,1519634037,1,0,1,1),(4127,1519634037,1,0,1,1),(4128,1519634037,1,0,1,1),(4129,1519634037,0,0,0,1),(4130,1519634037,0,0,0,1),(4131,1519634037,1,0,1,1),(4132,1519634037,1,0,1,1),(4133,1519634037,1,0,1,1),(4134,1519634037,0,0,0,1),(4135,1519634037,0,0,0,1),(4136,1519634037,1,0,1,1),(4137,1519634037,1,0,1,1),(4138,1519634037,1,0,1,1),(4139,1519634037,0,0,0,1),(4140,1519634037,0,0,0,1),(4141,1519634037,1,0,1,1),(4142,1519634037,1,0,1,1),(4143,1519634037,1,0,1,1),(4144,1519634037,0,0,0,1),(4145,1519634037,0,0,0,1),(4146,1519634037,1,0,1,1),(4147,1519634037,1,0,1,1),(4148,1519634037,1,0,1,1),(4149,1519634037,0,0,0,1),(4150,1519634037,0,0,0,1),(4151,1519634037,1,0,1,1),(4152,1519634037,1,0,1,1),(4153,1519634037,1,0,1,1),(4154,1519634037,0,0,0,1),(4155,1519634037,0,0,0,1),(4156,1519634037,1,0,1,1),(4157,1519634037,1,0,1,1),(4158,1519634037,1,0,1,1),(4159,1519634037,0,0,0,1),(4160,1519634037,0,0,0,1),(4161,1519634037,1,0,1,1),(4162,1519634037,1,0,1,1),(4163,1519634037,1,0,1,1),(4164,1519634037,0,0,0,1),(4165,1519634037,0,0,0,1),(4166,1519634037,1,0,1,1),(4167,1519634037,1,0,1,1),(4168,1519634037,1,0,1,1),(4169,1519634037,0,0,0,1),(4170,1519634037,0,0,0,1),(4171,1519634037,1,0,1,1),(4172,1519634037,1,0,1,1),(4173,1519634037,1,0,1,1),(4174,1519634037,0,0,0,1),(4175,1519634037,0,0,0,1),(4176,1519634037,1,0,1,1),(4177,1519634037,1,0,1,1),(4178,1519634037,1,0,1,1),(4179,1519634037,0,0,0,1),(4180,1519634037,0,0,0,1),(4181,1519634037,1,0,1,1),(4182,1519634037,1,0,1,1),(4183,1519634037,1,0,1,1),(4184,1519634037,0,0,0,1),(4185,1519634037,0,0,0,1),(4186,1519634037,1,0,1,1),(4187,1519634037,1,0,1,1),(4188,1519634037,1,0,1,1),(4189,1519634037,0,0,0,1),(4190,1519634037,0,0,0,1),(4191,1519634037,1,0,1,1),(4192,1519634037,1,0,1,1),(4193,1519634037,1,0,1,1),(4194,1519634037,0,0,0,1),(4195,1519634037,0,0,0,1),(4196,1519634037,1,0,1,1),(4197,1519634037,1,0,1,1),(4198,1519634037,1,0,1,1),(4199,1519634037,0,0,0,1),(4200,1519634037,0,0,0,1),(4201,1519634037,1,0,1,1),(4202,1519634037,1,0,1,1),(4203,1519634037,1,0,1,1),(4204,1519634037,0,0,0,1),(4205,1519634037,0,0,0,1),(4206,1519634037,1,0,1,1),(4207,1519634037,1,0,1,1),(4208,1519634037,1,0,1,1),(4209,1519634037,0,0,0,1),(4210,1519634037,0,0,0,1),(4211,1519634037,1,0,1,1),(4212,1519634037,1,0,1,1),(4213,1519634037,1,0,1,1),(4214,1519634037,0,0,0,1),(4215,1519634037,0,0,0,1),(4216,1519634037,1,0,1,1),(4217,1519634037,1,0,1,1),(4218,1519634037,1,0,1,1),(4219,1519634037,0,0,0,1),(4220,1519634037,0,0,0,1),(4221,1519634037,1,0,1,1),(4222,1519634037,1,0,1,1),(4223,1519634037,1,0,1,1),(4224,1519634037,0,0,0,1),(4225,1519634037,0,0,0,1),(4226,1519634037,1,0,1,1),(4227,1519634037,1,0,1,1),(4228,1519634037,1,0,1,1),(4229,1519634037,0,0,0,1),(4230,1519634037,0,0,0,1),(4231,1519634037,1,0,1,1),(4232,1519634037,1,0,1,1),(4233,1519634037,1,0,1,1),(4234,1519634037,0,0,0,1),(4235,1519634037,0,0,0,1),(4236,1519634037,1,0,1,1),(4237,1519634037,1,0,1,1),(4238,1519634037,1,0,1,1),(4239,1519634037,0,0,0,1),(4240,1519634037,0,0,0,1),(4241,1519634037,1,0,1,1),(4242,1519634037,1,0,1,1),(4243,1519634037,1,0,1,1),(4244,1519634037,0,0,0,1),(4245,1519634037,0,0,0,1),(4246,1519634037,1,0,1,1),(4247,1519634037,1,0,1,1),(4248,1519634037,1,0,1,1),(4249,1519634037,0,0,0,1),(4250,1519634037,0,0,0,1),(4251,1519634037,1,0,1,1),(4252,1519634037,1,0,1,1),(4253,1519634037,1,0,1,1),(4254,1519634037,0,0,0,1),(4255,1519634037,0,0,0,1),(4256,1519634037,1,0,1,1),(4257,1519634037,1,0,1,1),(4258,1519634037,1,0,1,1),(4259,1519634037,0,0,0,1),(4260,1519634037,0,0,0,1),(4261,1519634037,1,0,1,1),(4262,1519634037,1,0,1,1),(4263,1519634037,1,0,1,1),(4264,1519634037,0,0,0,1),(4265,1519634037,0,0,0,1),(4266,1519634037,1,0,1,1),(4267,1519634037,1,0,1,1),(4268,1519634037,1,0,1,1),(4269,1519634037,0,0,0,1),(4270,1519634037,0,0,0,1),(4271,1519634037,1,0,1,1),(4272,1519634037,1,0,1,1),(4273,1519634037,1,0,1,1),(4274,1519634037,0,0,0,1),(4275,1519634037,0,0,0,1),(4276,1519634037,1,0,1,1),(4277,1519634037,1,0,1,1),(4278,1519634037,1,0,1,1),(4279,1519634037,0,0,0,1),(4280,1519634037,0,0,0,1),(4281,1519634037,1,0,1,1),(4282,1519634037,1,0,1,1),(4283,1519634037,1,0,1,1),(4284,1519634037,0,0,0,1),(4285,1519634037,0,0,0,1),(4286,1519634037,1,0,1,1),(4287,1519634037,1,0,1,1),(4288,1519634037,1,0,1,1),(4289,1519634037,0,0,0,1),(4290,1519634037,0,0,0,1),(4291,1519634037,1,0,1,1),(4292,1519634037,1,0,1,1),(4293,1519634037,1,0,1,1),(4294,1519634037,0,0,0,1),(4295,1519634037,0,0,0,1),(4296,1519634037,1,0,1,1),(4297,1519634037,1,0,1,1),(4298,1519634037,1,0,1,1),(4299,1519634037,0,0,0,1),(4300,1519634037,0,0,0,1),(4301,1519634037,1,0,1,1),(4302,1519634037,1,0,1,1),(4303,1519634037,1,0,1,1),(4304,1519634037,0,0,0,1),(4305,1519634037,0,0,0,1),(4306,1519634037,1,0,1,1),(4307,1519634037,1,0,1,1),(4308,1519634037,1,0,1,1),(4309,1519634037,0,0,0,1),(4310,1519634037,0,0,0,1),(4311,1519634037,1,0,1,1),(4312,1519634037,1,0,1,1),(4313,1519634037,1,0,1,1),(4314,1519634037,0,0,0,1),(4315,1519634037,0,0,0,1),(4316,1519634037,1,0,1,1),(4317,1519634037,1,0,1,1),(4318,1519634037,1,0,1,1),(4319,1519634037,0,0,0,1),(4320,1519634037,0,0,0,1),(4321,1519634037,1,0,1,1),(4322,1519634037,1,0,1,1),(4323,1519634037,1,0,1,1),(4324,1519634037,0,0,0,1),(4325,1519634037,0,0,0,1),(4326,1519634037,1,0,1,1),(4327,1519634037,1,0,1,1),(4328,1519634037,1,0,1,1),(4329,1519634037,0,0,0,1),(4330,1519634037,0,0,0,1),(4331,1519634037,1,0,1,1),(4332,1519634037,1,0,1,1),(4333,1519634037,1,0,1,1),(4334,1519634037,0,0,0,1),(4335,1519634037,0,0,0,1),(4336,1519634037,1,0,1,1),(4337,1519634037,1,0,1,1),(4338,1519634037,1,0,1,1),(4339,1519634037,0,0,0,1),(4340,1519634037,0,0,0,1),(4341,1519634037,1,0,1,1),(4342,1519634037,1,0,1,1),(4343,1519634037,1,0,1,1),(4344,1519634037,0,0,0,1),(4345,1519634037,0,0,0,1),(4346,1519634037,1,0,1,1),(4347,1519634037,1,0,1,1),(4348,1519634037,1,0,1,1),(4349,1519634037,0,0,0,1),(4350,1519634037,0,0,0,1),(4351,1519634037,1,0,1,1),(4352,1519634037,1,0,1,1),(4353,1519634037,1,0,1,1),(4354,1519634037,0,0,0,1),(4355,1519634037,0,0,0,1),(4356,1519634037,1,0,1,1),(4357,1519634037,1,0,1,1),(4358,1519634037,1,0,1,1),(4359,1519634037,0,0,0,1),(4360,1519634037,0,0,0,1),(4361,1519634037,1,0,1,1),(4362,1519634037,1,0,1,1),(4363,1519634037,1,0,1,1),(4364,1519634037,0,0,0,1),(4365,1519634037,0,0,0,1),(4366,1519634037,1,0,1,1),(4367,1519634037,1,0,1,1),(4368,1519634037,1,0,1,1),(4369,1519634037,0,0,0,1),(4370,1519634037,0,0,0,1),(4371,1519634037,1,0,1,1),(4372,1519634037,1,0,1,1),(4373,1519634037,1,0,1,1),(4374,1519634037,0,0,0,1),(4375,1519634037,0,0,0,1),(4376,1519634037,1,0,1,1),(4377,1519634037,1,0,1,1),(4378,1519634037,1,0,1,1),(4379,1519634037,0,0,0,1),(4380,1519634037,0,0,0,1),(4381,1519634037,1,0,1,1),(4382,1519634037,1,0,1,1),(4383,1519634037,1,0,1,1),(4384,1519634037,0,0,0,1),(4385,1519634037,0,0,0,1),(4386,1519634037,1,0,1,1),(4387,1519634037,1,0,1,1),(4388,1519634037,1,0,1,1),(4389,1519634037,0,0,0,1),(4390,1519634037,0,0,0,1),(4391,1519634037,1,0,1,1),(4392,1519634037,1,0,1,1),(4393,1519634037,1,0,1,1),(4394,1519634037,0,0,0,1),(4395,1519634037,0,0,0,1),(4396,1519634037,1,0,1,1),(4397,1519634037,1,0,1,1),(4398,1519634037,1,0,1,1),(4399,1519634037,0,0,0,1),(4400,1519634037,0,0,0,1),(4401,1519634037,1,0,1,1),(4402,1519634037,1,0,1,1),(4403,1519634037,1,0,1,1),(4404,1519634037,0,0,0,1),(4405,1519634037,0,0,0,1),(4406,1519634037,1,0,1,1),(4407,1519634037,1,0,1,1),(4408,1519634037,1,0,1,1),(4409,1519634037,0,0,0,1),(4410,1519634037,0,0,0,1),(4411,1519634037,1,0,1,1),(4412,1519634037,1,0,1,1),(4413,1519634037,1,0,1,1),(4414,1519634037,0,0,0,1),(4415,1519634037,0,0,0,1),(4416,1519634037,1,0,1,1),(4417,1519634037,1,0,1,1),(4418,1519634037,1,0,1,1),(4419,1519634037,0,0,0,1),(4420,1519634037,0,0,0,1),(4421,1519634037,1,0,1,1),(4422,1519634037,1,0,1,1),(4423,1519634037,1,0,1,1),(4424,1519634037,0,0,0,1),(4425,1519634037,0,0,0,1),(4426,1519634037,1,0,1,1),(4427,1519634037,1,0,1,1),(4428,1519634037,1,0,1,1),(4429,1519634037,0,0,0,1),(4430,1519634037,0,0,0,1),(4431,1519634037,1,0,1,1),(4432,1519634037,1,0,1,1),(4433,1519634037,1,0,1,1),(4434,1519634037,0,0,0,1),(4435,1519634037,0,0,0,1),(4436,1519634037,1,0,1,1),(4437,1519634037,1,0,1,1),(4438,1519634037,1,0,1,1),(4439,1519634037,0,0,0,1),(4440,1519634037,0,0,0,1),(4441,1519634037,1,0,1,1),(4442,1519634037,1,0,1,1),(4443,1519634037,1,0,1,1),(4444,1519634037,0,0,0,1),(4445,1519634037,0,0,0,1),(4446,1519634037,1,0,1,1),(4447,1519634037,1,0,1,1),(4448,1519634037,1,0,1,1),(4449,1519634037,0,0,0,1),(4450,1519634037,0,0,0,1),(4451,1519634037,1,0,1,1),(4452,1519634037,1,0,1,1),(4453,1519634037,1,0,1,1),(4454,1519634037,0,0,0,1),(4455,1519634037,0,0,0,1),(4456,1519634037,1,0,1,1),(4457,1519634037,1,0,1,1),(4458,1519634037,1,0,1,1),(4459,1519634037,0,0,0,1),(4460,1519634037,0,0,0,1),(4461,1519634037,1,0,1,1),(4462,1519634037,1,0,1,1),(4463,1519634037,1,0,1,1),(4464,1519634037,0,0,0,1),(4465,1519634037,0,0,0,1),(4466,1519634037,1,0,1,1),(4467,1519634037,1,0,1,1),(4468,1519634037,1,0,1,1),(4469,1519634037,0,0,0,1),(4470,1519634037,0,0,0,1),(4471,1519634037,1,0,1,1),(4472,1519634037,1,0,1,1),(4473,1519634037,1,0,1,1),(4474,1519634037,0,0,0,1),(4475,1519634037,0,0,0,1),(4476,1519634037,1,0,1,1),(4477,1519634037,1,0,1,1),(4478,1519634037,1,0,1,1),(4479,1519634037,0,0,0,1),(4480,1519634037,0,0,0,1),(4481,1519634037,1,0,1,1),(4482,1519634037,1,0,1,1),(4483,1519634037,1,0,1,1),(4484,1519634037,0,0,0,1),(4485,1519634037,0,0,0,1),(4486,1519634037,1,0,1,1),(4487,1519634037,1,0,1,1),(4488,1519634037,1,0,1,1),(4489,1519634037,0,0,0,1),(4490,1519634037,0,0,0,1),(4491,1519634037,1,0,1,1),(4492,1519634037,1,0,1,1),(4493,1519634037,1,0,1,1),(4494,1519634037,0,0,0,1),(4495,1519634037,0,0,0,1),(4496,1519634037,1,0,1,1),(4497,1519634037,1,0,1,1),(4498,1519634037,1,0,1,1),(4499,1519634037,0,0,0,1),(4500,1519634037,0,0,0,1),(4501,1519634037,1,0,1,1),(4502,1519634037,1,0,1,1),(4503,1519634037,1,0,1,1),(4504,1519634037,0,0,0,1),(4505,1519634037,0,0,0,1),(4506,1519634037,1,0,1,1),(4507,1519634037,1,0,1,1),(4508,1519634037,1,0,1,1),(4509,1519634037,0,0,0,1),(4510,1519634037,0,0,0,1),(4511,1519634037,1,0,1,1),(4512,1519634037,1,0,1,1),(4513,1519634037,1,0,1,1),(4514,1519634037,0,0,0,1),(4515,1519634037,0,0,0,1),(4516,1519634037,1,0,1,1),(4517,1519634037,1,0,1,1),(4518,1519634037,1,0,1,1),(4519,1519634037,0,0,0,1),(4520,1519634037,0,0,0,1),(4521,1519634037,1,0,1,1),(4522,1519634037,1,0,1,1),(4523,1519634037,1,0,1,1),(4524,1519634037,0,0,0,1),(4525,1519634037,0,0,0,1),(4526,1519634037,1,0,1,1),(4527,1519634037,1,0,1,1),(4528,1519634037,1,0,1,1),(4529,1519634037,0,0,0,1),(4530,1519634037,0,0,0,1),(4531,1519634037,1,0,1,1),(4532,1519634037,1,0,1,1),(4533,1519634037,1,0,1,1),(4534,1519634037,0,0,0,1),(4535,1519634037,0,0,0,1),(4536,1519634037,1,0,1,1),(4537,1519634037,1,0,1,1),(4538,1519634037,1,0,1,1),(4539,1519634037,0,0,0,1),(4540,1519634037,0,0,0,1),(4541,1519634037,1,0,1,1),(4542,1519634037,1,0,1,1),(4543,1519634037,1,0,1,1),(4544,1519634037,0,0,0,1),(4545,1519634037,0,0,0,1),(4546,1519634037,1,0,1,1),(4547,1519634037,1,0,1,1),(4548,1519634037,1,0,1,1),(4549,1519634037,0,0,0,1),(4550,1519634037,0,0,0,1),(4551,1519634037,1,0,1,1),(4552,1519634037,1,0,1,1),(4553,1519634037,1,0,1,1),(4554,1519634037,0,0,0,1),(4555,1519634037,0,0,0,1),(4556,1519634037,1,0,1,1),(4557,1519634037,1,0,1,1),(4558,1519634037,1,0,1,1),(4559,1519634037,0,0,0,1),(4560,1519634037,0,0,0,1),(4561,1519634037,1,0,1,1),(4562,1519634037,1,0,1,1),(4563,1519634037,1,0,1,1),(4564,1519634037,0,0,0,1),(4565,1519634037,0,0,0,1),(4566,1519634037,1,0,1,1),(4567,1519634037,1,0,1,1),(4568,1519634037,1,0,1,1),(4569,1519634037,0,0,0,1),(4570,1519634037,0,0,0,1),(4571,1519634037,1,0,1,1),(4572,1519634037,1,0,1,1),(4573,1519634037,1,0,1,1),(4574,1519634037,0,0,0,1),(4575,1519634037,0,0,0,1),(4576,1519634037,1,0,1,1),(4577,1519634037,1,0,1,1),(4578,1519634037,1,0,1,1),(4579,1519634037,0,0,0,1),(4580,1519634037,0,0,0,1),(4581,1519634037,1,0,1,1),(4582,1519634037,1,0,1,1),(4583,1519634037,1,0,1,1),(4584,1519634037,0,0,0,1),(4585,1519634037,0,0,0,1),(4586,1519634037,1,0,1,1),(4587,1519634037,1,0,1,1),(4588,1519634037,1,0,1,1),(4589,1519634037,0,0,0,1),(4590,1519634037,0,0,0,1),(4591,1519634037,1,0,1,1),(4592,1519634037,1,0,1,1),(4593,1519634037,1,0,1,1),(4594,1519634037,0,0,0,1),(4595,1519634037,0,0,0,1),(4596,1519634037,1,0,1,1),(4597,1519634037,1,0,1,1),(4598,1519634037,1,0,1,1),(4599,1519634037,0,0,0,1),(4600,1519634037,0,0,0,1),(4601,1519634037,1,0,1,1),(4602,1519634037,1,0,1,1),(4603,1519634037,1,0,1,1),(4604,1519634037,0,0,0,1),(4605,1519634037,0,0,0,1),(4606,1519634037,1,0,1,1),(4607,1519634037,1,0,1,1),(4608,1519634037,1,0,1,1),(4609,1519634037,0,0,0,1),(4610,1519634037,0,0,0,1),(4611,1519634037,1,0,1,1),(4612,1519634037,1,0,1,1),(4613,1519634037,1,0,1,1),(4614,1519634037,0,0,0,1),(4615,1519634037,0,0,0,1),(4616,1519634037,1,0,1,1),(4617,1519634037,1,0,1,1),(4618,1519634037,1,0,1,1),(4619,1519634037,0,0,0,1),(4620,1519634037,0,0,0,1),(4621,1519634037,1,0,1,1),(4622,1519634037,1,0,1,1),(4623,1519634037,1,0,1,1),(4624,1519634037,0,0,0,1),(4625,1519634037,0,0,0,1),(4626,1519634037,1,0,1,1),(4627,1519634037,1,0,1,1),(4628,1519634037,1,0,1,1),(4629,1519634037,0,0,0,1),(4630,1519634037,0,0,0,1),(4631,1519634037,1,0,1,1),(4632,1519634037,1,0,1,1),(4633,1519634037,1,0,1,1),(4634,1519634037,0,0,0,1),(4635,1519634037,0,0,0,1),(4636,1519634037,1,0,1,1),(4637,1519634037,1,0,1,1),(4638,1519634037,1,0,1,1),(4639,1519634037,0,0,0,1),(4640,1519634037,0,0,0,1),(4641,1519634037,1,0,1,1),(4642,1519634037,1,0,1,1),(4643,1519634037,1,0,1,1),(4644,1519634037,0,0,0,1),(4645,1519634037,0,0,0,1),(4646,1519634037,1,0,1,1),(4647,1519634037,1,0,1,1),(4648,1519634037,1,0,1,1),(4649,1519634037,0,0,0,1),(4650,1519634037,0,0,0,1),(4651,1519634037,1,0,1,1),(4652,1519634037,1,0,1,1),(4653,1519634037,1,0,1,1),(4654,1519634037,0,0,0,1),(4655,1519634037,0,0,0,1),(4656,1519634037,1,0,1,1),(4657,1519634037,1,0,1,1),(4658,1519634037,1,0,1,1),(4659,1519634037,0,0,0,1),(4660,1519634037,0,0,0,1),(4661,1519634037,1,0,1,1),(4662,1519634037,1,0,1,1),(4663,1519634037,1,0,1,1),(4664,1519634037,0,0,0,1),(4665,1519634037,0,0,0,1),(4666,1519634037,1,0,1,1),(4667,1519634037,1,0,1,1),(4668,1519634037,1,0,1,1),(4669,1519634037,0,0,0,1),(4670,1519634037,0,0,0,1),(4671,1519634037,1,0,1,1),(4672,1519634037,1,0,1,1),(4673,1519634037,1,0,1,1),(4674,1519634037,0,0,0,1),(4675,1519634037,0,0,0,1),(4676,1519634037,1,0,1,1),(4677,1519634037,1,0,1,1),(4678,1519634037,1,0,1,1),(4679,1519634037,0,0,0,1),(4680,1519634037,0,0,0,1),(4681,1519634037,1,0,1,1),(4682,1519634037,1,0,1,1),(4683,1519634037,1,0,1,1),(4684,1519634037,0,0,0,1),(4685,1519634037,0,0,0,1),(4686,1519634037,1,0,1,1),(4687,1519634037,1,0,1,1),(4688,1519634037,1,0,1,1),(4689,1519634037,0,0,0,1),(4690,1519634037,0,0,0,1),(4691,1519634037,1,0,1,1),(4692,1519634037,1,0,1,1),(4693,1519634037,1,0,1,1),(4694,1519634037,0,0,0,1),(4695,1519634037,0,0,0,1),(4696,1519634037,1,0,1,1),(4697,1519634037,1,0,1,1),(4698,1519634037,1,0,1,1),(4699,1519634037,0,0,0,1),(4700,1519634037,0,0,0,1),(4701,1519634037,1,0,1,1),(4702,1519634037,1,0,1,1),(4703,1519634037,1,0,1,1),(4704,1519634037,0,0,0,1),(4705,1519634037,0,0,0,1),(4706,1519634037,1,0,1,1),(4707,1519634037,1,0,1,1),(4708,1519634037,1,0,1,1),(4709,1519634037,0,0,0,1),(4710,1519634037,0,0,0,1),(4711,1519634037,1,0,1,1),(4712,1519634037,1,0,1,1),(4713,1519634037,1,0,1,1),(4714,1519634037,0,0,0,1),(4715,1519634037,0,0,0,1),(4716,1519634037,1,0,1,1),(4717,1519634037,1,0,1,1),(4718,1519634037,1,0,1,1),(4719,1519634037,0,0,0,1),(4720,1519634037,0,0,0,1),(4721,1519634037,1,0,1,1),(4722,1519634037,1,0,1,1),(4723,1519634037,1,0,1,1),(4724,1519634037,0,0,0,1),(4725,1519634037,0,0,0,1),(4726,1519634037,1,0,1,1),(4727,1519634037,1,0,1,1),(4728,1519634037,1,0,1,1),(4729,1519634037,0,0,0,1),(4730,1519634037,0,0,0,1),(4731,1519634037,1,0,1,1),(4732,1519634037,1,0,1,1),(4733,1519634037,1,0,1,1),(4734,1519634037,0,0,0,1),(4735,1519634037,0,0,0,1),(4736,1519634037,1,0,1,1),(4737,1519634037,1,0,1,1),(4738,1519634037,1,0,1,1),(4739,1519634037,0,0,0,1),(4740,1519634037,0,0,0,1),(4741,1519634037,1,0,1,1),(4742,1519634037,1,0,1,1),(4743,1519634037,1,0,1,1),(4744,1519634037,0,0,0,1),(4745,1519634037,0,0,0,1),(4746,1519634037,1,0,1,1),(4747,1519634037,1,0,1,1),(4748,1519634037,1,0,1,1),(4749,1519634037,0,0,0,1),(4750,1519634037,0,0,0,1),(4751,1519634037,1,0,1,1),(4752,1519634037,1,0,1,1),(4753,1519634037,1,0,1,1),(4754,1519634037,0,0,0,1),(4755,1519634037,0,0,0,1),(4756,1519634037,1,0,1,1),(4757,1519634037,1,0,1,1),(4758,1519634037,1,0,1,1),(4759,1519634037,0,0,0,1),(4760,1519634037,0,0,0,1),(4761,1519634037,1,0,1,1),(4762,1519634037,1,0,1,1),(4763,1519634037,1,0,1,1),(4764,1519634037,0,0,0,1),(4765,1519634037,0,0,0,1),(4766,1519634037,1,0,1,1),(4767,1519634037,1,0,1,1),(4768,1519634037,1,0,1,1),(4769,1519634037,0,0,0,1),(4770,1519634037,0,0,0,1),(4771,1519634037,1,0,1,1),(4772,1519634037,1,0,1,1),(4773,1519634037,1,0,1,1),(4774,1519634037,0,0,0,1),(4775,1519634037,0,0,0,1),(4776,1519634037,1,0,1,1),(4777,1519634037,1,0,1,1),(4778,1519634037,1,0,1,1),(4779,1519634037,0,0,0,1),(4780,1519634037,0,0,0,1),(4781,1519634037,1,0,1,1),(4782,1519634037,1,0,1,1),(4783,1519634037,1,0,1,1),(4784,1519634037,0,0,0,1),(4785,1519634037,0,0,0,1),(4786,1519634037,1,0,1,1),(4787,1519634037,1,0,1,1),(4788,1519634037,1,0,1,1),(4789,1519634037,0,0,0,1),(4790,1519634037,0,0,0,1),(4791,1519634037,1,0,1,1),(4792,1519634037,1,0,1,1),(4793,1519634037,1,0,1,1),(4794,1519634037,0,0,0,1),(4795,1519634037,0,0,0,1),(4796,1519634037,1,0,1,1),(4797,1519634037,1,0,1,1),(4798,1519634037,1,0,1,1),(4799,1519634037,0,0,0,1),(4800,1519634037,0,0,0,1),(4801,1519634037,1,0,1,1),(4802,1519634037,1,0,1,1),(4803,1519634037,1,0,1,1),(4804,1519634037,0,0,0,1),(4805,1519634037,0,0,0,1),(4806,1519634037,1,0,1,1),(4807,1519634037,1,0,1,1),(4808,1519634037,1,0,1,1),(4809,1519634037,0,0,0,1),(4810,1519634037,0,0,0,1),(4811,1519634037,1,0,1,1),(4812,1519634037,1,0,1,1),(4813,1519634037,1,0,1,1),(4814,1519634037,0,0,0,1),(4815,1519634037,0,0,0,1),(4816,1519634037,1,0,1,1),(4817,1519634037,1,0,1,1),(4818,1519634037,1,0,1,1),(4819,1519634037,0,0,0,1),(4820,1519634037,0,0,0,1),(4821,1519634037,1,0,1,1),(4822,1519634037,1,0,1,1),(4823,1519634037,1,0,1,1),(4824,1519634037,0,0,0,1),(4825,1519634037,0,0,0,1),(4826,1519634037,1,0,1,1),(4827,1519634037,1,0,1,1),(4828,1519634037,1,0,1,1),(4829,1519634037,0,0,0,1),(4830,1519634037,0,0,0,1),(4831,1519634037,1,0,1,1),(4832,1519634037,1,0,1,1),(4833,1519634037,1,0,1,1),(4834,1519634037,0,0,0,1),(4835,1519634037,0,0,0,1),(4836,1519634037,1,0,1,1),(4837,1519634037,1,0,1,1),(4838,1519634037,1,0,1,1),(4839,1519634037,0,0,0,1),(4840,1519634037,0,0,0,1),(4841,1519634037,1,0,1,1),(4842,1519634037,1,0,1,1),(4843,1519634037,1,0,1,1),(4844,1519634037,0,0,0,1),(4845,1519634037,0,0,0,1),(4846,1519634037,1,0,1,1),(4847,1519634037,1,0,1,1),(4848,1519634037,1,0,1,1),(4849,1519634037,0,0,0,1),(4850,1519634037,0,0,0,1),(4851,1519634037,1,0,1,1),(4852,1519634037,1,0,1,1),(4853,1519634037,1,0,1,1),(4854,1519634037,0,0,0,1),(4855,1519634037,0,0,0,1),(4856,1519634037,1,0,1,1),(4857,1519634037,1,0,1,1),(4858,1519634037,1,0,1,1),(4859,1519634037,0,0,0,1),(4860,1519634037,0,0,0,1),(4861,1519634037,1,0,1,1),(4862,1519634037,1,0,1,1),(4863,1519634037,1,0,1,1),(4864,1519634037,0,0,0,1),(4865,1519634037,0,0,0,1),(4866,1519634037,1,0,1,1),(4867,1519634037,1,0,1,1),(4868,1519634037,1,0,1,1),(4869,1519634037,0,0,0,1),(4870,1519634037,0,0,0,1),(4871,1519634037,1,0,1,1),(4872,1519634037,1,0,1,1),(4873,1519634037,1,0,1,1),(4874,1519634037,0,0,0,1),(4875,1519634037,0,0,0,1),(4876,1519634037,1,0,1,1),(4877,1519634037,1,0,1,1),(4878,1519634037,1,0,1,1),(4879,1519634037,0,0,0,1),(4880,1519634037,0,0,0,1),(4881,1519634037,1,0,1,1),(4882,1519634037,1,0,1,1),(4883,1519634037,1,0,1,1),(4884,1519634037,0,0,0,1),(4885,1519634037,0,0,0,1),(4886,1519634037,1,0,1,1),(4887,1519634037,1,0,1,1),(4888,1519634037,1,0,1,1),(4889,1519634037,0,0,0,1),(4890,1519634037,0,0,0,1),(4891,1519634037,1,0,1,1),(4892,1519634037,1,0,1,1),(4893,1519634037,1,0,1,1),(4894,1519634037,0,0,0,1),(4895,1519634037,0,0,0,1),(4896,1519634037,1,0,1,1),(4897,1519634037,1,0,1,1),(4898,1519634037,1,0,1,1),(4899,1519634037,0,0,0,1),(4900,1519634037,0,0,0,1),(4901,1519634037,1,0,1,1),(4902,1519634037,1,0,1,1),(4903,1519634037,1,0,1,1),(4904,1519634037,0,0,0,1),(4905,1519634037,0,0,0,1),(4906,1519634037,1,0,1,1),(4907,1519634037,1,0,1,1),(4908,1519634037,1,0,1,1),(4909,1519634037,0,0,0,1),(4910,1519634037,0,0,0,1),(4911,1519634037,1,0,1,1),(4912,1519634037,1,0,1,1),(4913,1519634037,1,0,1,1),(4914,1519634037,0,0,0,1),(4915,1519634037,0,0,0,1),(4916,1519634037,1,0,1,1),(4917,1519634037,1,0,1,1),(4918,1519634037,1,0,1,1),(4919,1519634037,0,0,0,1),(4920,1519634037,0,0,0,1),(4921,1519634037,1,0,1,1),(4922,1519634037,1,0,1,1),(4923,1519634037,1,0,1,1),(4924,1519634037,0,0,0,1),(4925,1519634037,0,0,0,1),(4926,1519634037,1,0,1,1),(4927,1519634037,1,0,1,1),(4928,1519634037,1,0,1,1),(4929,1519634037,0,0,0,1),(4930,1519634037,0,0,0,1),(4931,1519634037,1,0,1,1),(4932,1519634037,1,0,1,1),(4933,1519634037,1,0,1,1),(4934,1519634037,0,0,0,1),(4935,1519634037,0,0,0,1),(4936,1519634037,1,0,1,1),(4937,1519634037,1,0,1,1),(4938,1519634037,1,0,1,1),(4939,1519634037,0,0,0,1),(4940,1519634037,0,0,0,1),(4941,1519634037,1,0,1,1),(4942,1519634037,1,0,1,1),(4943,1519634037,1,0,1,1),(4944,1519634037,0,0,0,1),(4945,1519634037,0,0,0,1),(4946,1519634037,1,0,1,1),(4947,1519634037,1,0,1,1),(4948,1519634037,1,0,1,1),(4949,1519634037,0,0,0,1),(4950,1519634037,0,0,0,1),(4951,1519634037,1,0,1,1),(4952,1519634037,1,0,1,1),(4953,1519634037,1,0,1,1),(4954,1519634037,0,0,0,1),(4955,1519634037,0,0,0,1),(4956,1519634037,1,0,1,1),(4957,1519634037,1,0,1,1),(4958,1519634037,1,0,1,1),(4959,1519634037,0,0,0,1),(4960,1519634037,0,0,0,1),(4961,1519634037,1,0,1,1),(4962,1519634037,1,0,1,1),(4963,1519634037,1,0,1,1),(4964,1519634037,0,0,0,1),(4965,1519634037,0,0,0,1),(4966,1519634037,1,0,1,1),(4967,1519634037,1,0,1,1),(4968,1519634037,1,0,1,1),(4969,1519634037,0,0,0,1),(4970,1519634037,0,0,0,1),(4971,1519634037,1,0,1,1),(4972,1519634037,1,0,1,1),(4973,1519634037,1,0,1,1),(4974,1519634037,0,0,0,1),(4975,1519634037,0,0,0,1),(4976,1519634037,1,0,1,1),(4977,1519634037,1,0,1,1),(4978,1519634037,1,0,1,1),(4979,1519634037,0,0,0,1),(4980,1519634037,0,0,0,1),(4981,1519634037,1,0,1,1),(4982,1519634037,1,0,1,1),(4983,1519634037,1,0,1,1),(4984,1519634037,0,0,0,1),(4985,1519634037,0,0,0,1),(4986,1519634037,1,0,1,1),(4987,1519634037,1,0,1,1),(4988,1519634037,1,0,1,1),(4989,1519634037,0,0,0,1),(4990,1519634037,0,0,0,1),(4991,1519634037,1,0,1,1),(4992,1519634037,1,0,1,1),(4993,1519634037,1,0,1,1),(4994,1519634037,0,0,0,1),(4995,1519634037,0,0,0,1),(4996,1519634037,1,0,1,1),(4997,1519634037,1,0,1,1),(4998,1519634037,1,0,1,1),(4999,1519634037,0,0,0,1),(5000,1519634037,0,0,0,1),(5001,1519634037,1,0,1,1),(5002,1519634037,1,0,1,1),(5003,1519634037,1,0,1,1),(5004,1519634037,0,0,0,1),(5005,1519634037,0,0,0,1),(5006,1519634037,1,0,1,1),(5007,1519634037,1,0,1,1),(5008,1519634037,1,0,1,1),(5009,1519634037,0,0,0,1),(5010,1519634037,0,0,0,1),(5011,1519634037,1,0,1,1),(5012,1519634037,1,0,1,1),(5013,1519634037,1,0,1,1),(5014,1519634037,0,0,0,1),(5015,1519634037,0,0,0,1),(5016,1519634037,1,0,1,1),(5017,1519634037,1,0,1,1),(5018,1519634037,1,0,1,1),(5019,1519634037,0,0,0,1),(5020,1519634037,0,0,0,1),(5021,1519634037,1,0,1,1),(5022,1519634037,1,0,1,1),(5023,1519634037,1,0,1,1),(5024,1519634037,0,0,0,1),(5025,1519634037,0,0,0,1),(5026,1519634037,1,0,1,1),(5027,1519634037,1,0,1,1),(5028,1519634037,1,0,1,1),(5029,1519634037,0,0,0,1),(5030,1519634037,0,0,0,1),(5031,1519634037,1,0,1,1),(5032,1519634037,1,0,1,1),(5033,1519634037,1,0,1,1),(5034,1519634037,0,0,0,1),(5035,1519634037,0,0,0,1),(5036,1519634037,1,0,1,1),(5037,1519634037,1,0,1,1),(5038,1519634037,1,0,1,1),(5039,1519634037,0,0,0,1),(5040,1519634037,0,0,0,1),(5041,1519634037,1,0,1,1),(5042,1519634037,1,0,1,1),(5043,1519634037,1,0,1,1),(5044,1519634037,0,0,0,1),(5045,1519634037,0,0,0,1),(5046,1519634037,1,0,1,1),(5047,1519634037,1,0,1,1),(5048,1519634037,1,0,1,1),(5049,1519634037,0,0,0,1),(5050,1519634037,0,0,0,1),(5051,1519634037,1,0,1,1),(5052,1519634037,1,0,1,1),(5053,1519634037,1,0,1,1),(5054,1519634037,0,0,0,1),(5055,1519634037,0,0,0,1),(5056,1519634037,1,0,1,1),(5057,1519634037,1,0,1,1),(5058,1519634037,1,0,1,1),(5059,1519634037,0,0,0,1),(5060,1519634037,0,0,0,1),(5061,1519634037,1,0,1,1),(5062,1519634037,1,0,1,1),(5063,1519634037,1,0,1,1),(5064,1519634037,0,0,0,1),(5065,1519634037,0,0,0,1),(5066,1519634037,1,0,1,1),(5067,1519634037,1,0,1,1),(5068,1519634037,1,0,1,1),(5069,1519634037,0,0,0,1),(5070,1519634037,0,0,0,1),(5071,1519634037,1,0,1,1),(5072,1519634037,1,0,1,1),(5073,1519634037,1,0,1,1),(5074,1519634037,0,0,0,1),(5075,1519634037,0,0,0,1),(5076,1519634037,1,0,1,1),(5077,1519634037,1,0,1,1),(5078,1519634037,1,0,1,1),(5079,1519634037,0,0,0,1),(5080,1519634037,0,0,0,1),(5081,1519634037,1,0,1,1),(5082,1519634037,1,0,1,1),(5083,1519634037,1,0,1,1),(5084,1519634037,0,0,0,1),(5085,1519634037,0,0,0,1),(5086,1519634037,1,0,1,1),(5087,1519634037,1,0,1,1),(5088,1519634037,1,0,1,1),(5089,1519634037,0,0,0,1),(5090,1519634037,0,0,0,1),(5091,1519634037,1,0,1,1),(5092,1519634037,1,0,1,1),(5093,1519634037,1,0,1,1),(5094,1519634037,0,0,0,1),(5095,1519634037,0,0,0,1),(5096,1519634037,1,0,1,1),(5097,1519634037,1,0,1,1),(5098,1519634037,1,0,1,1),(5099,1519634037,0,0,0,1),(5100,1519634037,0,0,0,1),(5101,1519634037,1,0,1,1),(5102,1519634037,1,0,1,1),(5103,1519634037,1,0,1,1),(5104,1519634037,0,0,0,1),(5105,1519634037,0,0,0,1),(5106,1519634037,1,0,1,1),(5107,1519634037,1,0,1,1),(5108,1519634037,1,0,1,1),(5109,1519634037,0,0,0,1),(5110,1519634037,0,0,0,1),(5111,1519634037,1,0,1,1),(5112,1519634037,1,0,1,1),(5113,1519634037,1,0,1,1),(5114,1519634037,0,0,0,1),(5115,1519634037,0,0,0,1),(5116,1519634037,1,0,1,1),(5117,1519634037,1,0,1,1),(5118,1519634037,1,0,1,1),(5119,1519634037,0,0,0,1),(5120,1519634037,0,0,0,1),(5121,1519634037,1,0,1,1),(5122,1519634037,1,0,1,1),(5123,1519634037,1,0,1,1),(5124,1519634037,0,0,0,1),(5125,1519634037,0,0,0,1),(5126,1519634037,1,0,1,1),(5127,1519634037,1,0,1,1),(5128,1519634037,1,0,1,1),(5129,1519634037,0,0,0,1),(5130,1519634037,0,0,0,1);

#
# Structure for table "mapping"
#

CREATE TABLE `mapping` (
  `mapping_id` int(11) NOT NULL AUTO_INCREMENT,
  `descr` varchar(2000) DEFAULT NULL,
  `source` varchar(255) DEFAULT NULL,
  `code` int(11) DEFAULT NULL,
  `code_meaning` varchar(255) DEFAULT NULL,
  PRIMARY KEY (`mapping_id`)
) ENGINE=InnoDB DEFAULT CHARSET=utf8;

#
# Data for table "mapping"
#


#
# Structure for table "ostype"
#

CREATE TABLE `ostype` (
  `ostypeid` int(11) NOT NULL AUTO_INCREMENT,
  `name` varchar(255) DEFAULT NULL,
  `log_fail_judges` varchar(2048) DEFAULT NULL,
  `status` int(11) DEFAULT NULL,
  `snmp_timeout` int(11) DEFAULT NULL,
  `telnet_timeout` int(11) DEFAULT NULL,
  `telnet_prompt` varchar(255) DEFAULT NULL,
  `start_default_commands` varchar(2048) DEFAULT NULL,
  `end_default_commands` varchar(2048) DEFAULT NULL,
  `desc` varchar(45) DEFAULT NULL,
  PRIMARY KEY (`ostypeid`)
) ENGINE=InnoDB AUTO_INCREMENT=2 DEFAULT CHARSET=utf8;

#
# Data for table "ostype"
#

INSERT INTO `ostype` VALUES (1,'asr9k',NULL,1,30,30,'#','terminal len 0;terminal pager 0',NULL,NULL);

#
# Structure for table "groups"
#

CREATE TABLE `groups` (
  `group_id` int(11) NOT NULL AUTO_INCREMENT,
  `name` varchar(255) DEFAULT NULL,
  `desc` varchar(255) DEFAULT NULL,
  `ostype_id` int(11) NOT NULL,
  PRIMARY KEY (`group_id`),
  KEY `groups_ostype_id_f166de12_fk_ostype_ostypeid` (`ostype_id`),
  CONSTRAINT `groups_ostype_id_f166de12_fk_ostype_ostypeid` FOREIGN KEY (`ostype_id`) REFERENCES `ostype` (`ostypeid`)
) ENGINE=InnoDB AUTO_INCREMENT=3 DEFAULT CHARSET=utf8;

#
# Data for table "groups"
#

INSERT INTO `groups` VALUES (1,'cli',NULL,1),(2,'snmp',NULL,1);

#
# Structure for table "devices"
#

CREATE TABLE `devices` (
  `device_id` int(11) NOT NULL AUTO_INCREMENT,
  `hostname` varchar(30) NOT NULL,
  `ip` varchar(30) NOT NULL,
  `telnet_port` int(11) DEFAULT NULL,
  `snmp_port` int(11) DEFAULT NULL,
  `snmp_community` varchar(30) DEFAULT NULL,
  `snmp_version` varchar(5) DEFAULT NULL,
  `login_expect` varchar(1000) DEFAULT NULL,
  `status` int(11) DEFAULT NULL,
  `telnet_status` varchar(255) DEFAULT NULL,
  `snmp_status` varchar(255) DEFAULT NULL,
  `device_type` varchar(255) DEFAULT NULL,
  `ostype_id` int(11) NOT NULL,
  PRIMARY KEY (`device_id`),
  KEY `devices_ostype_id_5574a276_fk_ostype_ostypeid` (`ostype_id`),
  CONSTRAINT `devices_ostype_id_5574a276_fk_ostype_ostypeid` FOREIGN KEY (`ostype_id`) REFERENCES `ostype` (`ostypeid`)
) ENGINE=InnoDB AUTO_INCREMENT=4 DEFAULT CHARSET=utf8;

#
# Data for table "devices"
#

INSERT INTO `devices` VALUES (1,'test1','192.168.100.101',22,161,'cisco',NULL,'ssword:,cisco,>,enable,:,cisco123,#',1,NULL,NULL,NULL,1),(2,'test2','192.168.100.102',22,161,'cisco',NULL,'ssword:,cisco,>,enable,:,cisco123,#',1,NULL,NULL,NULL,1),(3,'test3','192.168.100.103',22,161,'cisco',NULL,'ssword:,cisco,>,enable,:,cisco123,#',1,NULL,NULL,NULL,1);

#
# Structure for table "devices_groups"
#

CREATE TABLE `devices_groups` (
  `devicegroup_id` int(11) NOT NULL AUTO_INCREMENT,
  `device_id` int(11) NOT NULL,
  `group_id` int(11) NOT NULL,
  PRIMARY KEY (`devicegroup_id`),
  KEY `devices_groups_device_id_329c7a71_fk_devices_device_id` (`device_id`),
  KEY `devices_groups_group_id_0cfe7d5f_fk_groups_group_id` (`group_id`),
  CONSTRAINT `devices_groups_device_id_329c7a71_fk_devices_device_id` FOREIGN KEY (`device_id`) REFERENCES `devices` (`device_id`),
  CONSTRAINT `devices_groups_group_id_0cfe7d5f_fk_groups_group_id` FOREIGN KEY (`group_id`) REFERENCES `groups` (`group_id`)
) ENGINE=InnoDB AUTO_INCREMENT=7 DEFAULT CHARSET=utf8;

#
# Data for table "devices_groups"
#

INSERT INTO `devices_groups` VALUES (1,1,1),(2,2,1),(3,3,1),(4,1,2),(5,2,2),(6,3,2);

#
# Structure for table "coll_policy_groups"
#

CREATE TABLE `coll_policy_groups` (
  `policy_group_id` int(11) NOT NULL AUTO_INCREMENT,
  `name` varchar(256) DEFAULT NULL,
  `desc` varchar(2000) DEFAULT NULL,
  `ostypeid` int(11) NOT NULL,
  PRIMARY KEY (`policy_group_id`),
  KEY `coll_policy_groups_ostypeid_7bf9be7a_fk_ostype_ostypeid` (`ostypeid`),
  CONSTRAINT `coll_policy_groups_ostypeid_7bf9be7a_fk_ostype_ostypeid` FOREIGN KEY (`ostypeid`) REFERENCES `ostype` (`ostypeid`)
) ENGINE=InnoDB AUTO_INCREMENT=3 DEFAULT CHARSET=utf8;

#
# Data for table "coll_policy_groups"
#

INSERT INTO `coll_policy_groups` VALUES (1,'cli_test',NULL,1),(2,'snmp_test',NULL,1);

#
# Structure for table "coll_policy"
#

CREATE TABLE `coll_policy` (
  `coll_policy_id` int(11) NOT NULL AUTO_INCREMENT,
  `name` varchar(256) DEFAULT NULL,
  `cli_command` varchar(256) DEFAULT NULL,
  `cli_command_result` longtext,
  `desc` varchar(2000) DEFAULT NULL,
  `policy_type` int(11) DEFAULT NULL,
  `snmp_oid` varchar(256) DEFAULT NULL,
  `history` varchar(255) DEFAULT NULL,
  `value_type` int(11) DEFAULT NULL,
  `ostype_id` int(11) NOT NULL,
  PRIMARY KEY (`coll_policy_id`),
  KEY `coll_policy_ostype_id_009344fd_fk_ostype_ostypeid` (`ostype_id`),
  CONSTRAINT `coll_policy_ostype_id_009344fd_fk_ostype_ostypeid` FOREIGN KEY (`ostype_id`) REFERENCES `ostype` (`ostypeid`)
) ENGINE=InnoDB AUTO_INCREMENT=5 DEFAULT CHARSET=utf8;

#
# Data for table "coll_policy"
#

INSERT INTO `coll_policy` VALUES (1,'cli_test1','show version',NULL,NULL,0,NULL,NULL,NULL,1),(2,'cli_test2','show interface',NULL,NULL,0,NULL,NULL,NULL,1),(3,'snmp_test1',NULL,NULL,NULL,1,'1.3.6.1.2.1.1.1.0',NULL,1,1),(4,'snmp_test2',NULL,NULL,NULL,1,'1.3.6.1.2.1.1.1.0',NULL,1,1);

#
# Structure for table "data_table"
#

CREATE TABLE `data_table` (
  `table_id` int(11) NOT NULL AUTO_INCREMENT,
  `name` varchar(45) DEFAULT NULL,
  `descr` varchar(2000) DEFAULT NULL,
  `coll_policy` int(11) NOT NULL,
  `groups` int(11) NOT NULL,
  `policy_group_id` int(11) DEFAULT NULL,
  PRIMARY KEY (`table_id`),
  KEY `fk_data_table_coll_policy` (`coll_policy`),
  KEY `fk_data_table_groups` (`groups`),
  KEY `fk_data_table_policy_group_id` (`policy_group_id`),
  CONSTRAINT `fk_data_table_coll_policy` FOREIGN KEY (`coll_policy`) REFERENCES `coll_policy` (`coll_policy_id`),
  CONSTRAINT `fk_data_table_groups` FOREIGN KEY (`groups`) REFERENCES `groups` (`group_id`),
  CONSTRAINT `fk_data_table_policy_group_id` FOREIGN KEY (`policy_group_id`) REFERENCES `coll_policy_groups` (`policy_group_id`)
) ENGINE=InnoDB DEFAULT CHARSET=utf8;

#
# Data for table "data_table"
#


#
# Structure for table "coll_policy_cli_rule"
#

CREATE TABLE `coll_policy_cli_rule` (
  `ruleid` int(11) NOT NULL AUTO_INCREMENT,
  `name` varchar(30) DEFAULT NULL,
  `key_str` varchar(30) DEFAULT NULL,
  `mark_string` varchar(256) DEFAULT NULL,
  `split_char` varchar(255) DEFAULT NULL,
  `extract_key` varchar(30) DEFAULT NULL,
  `x_offset` int(11) DEFAULT NULL,
  `y_offset` int(11) DEFAULT NULL,
  `line_nums` int(11) DEFAULT NULL,
  `rule_type` int(11) DEFAULT NULL,
  `end_mark_string` varchar(256) DEFAULT NULL,
  `start_line_num` int(11) DEFAULT NULL,
  `end_line_num` int(11) DEFAULT NULL,
  `desc` varchar(2000) DEFAULT NULL,
  `is_serial` int(11) DEFAULT NULL,
  `is_include` int(11) DEFAULT NULL,
  `command` varchar(256) DEFAULT NULL,
  `value_type` int(11) DEFAULT NULL,
  `coll_policy_id` int(11) NOT NULL,
  PRIMARY KEY (`ruleid`),
  KEY `coll_policy_cli_rule_coll_policy_id_52122139_fk_coll_poli` (`coll_policy_id`),
  CONSTRAINT `coll_policy_cli_rule_coll_policy_id_52122139_fk_coll_poli` FOREIGN KEY (`coll_policy_id`) REFERENCES `coll_policy` (`coll_policy_id`)
) ENGINE=InnoDB AUTO_INCREMENT=8 DEFAULT CHARSET=utf8;

#
# Data for table "coll_policy_cli_rule"
#

INSERT INTO `coll_policy_cli_rule` VALUES (1,NULL,'B1',NULL,'@space@',NULL,NULL,NULL,NULL,NULL,NULL,NULL,NULL,NULL,NULL,NULL,NULL,1,1),(2,NULL,'B5',NULL,'@space@',NULL,NULL,NULL,NULL,NULL,NULL,NULL,NULL,NULL,NULL,NULL,NULL,0,1),(3,NULL,'B4',NULL,'@space@',NULL,NULL,NULL,NULL,NULL,NULL,NULL,NULL,NULL,NULL,NULL,NULL,0,1),(4,'block rule 1','IF_NAME','GigabitEthernet','@space@',NULL,NULL,NULL,NULL,5,NULL,NULL,NULL,NULL,1,0,'show interface',0,1),(5,'block rule 2','B2','MTU','@space@','.*',NULL,NULL,NULL,6,NULL,0,5,NULL,1,0,NULL,1,1),(6,'block rule 3','B3','GigabitEthernet','@space@',NULL,NULL,NULL,NULL,7,'GigabitEthernet(\\d+)\\/(\\d+)\\/(\\d+)',NULL,NULL,NULL,1,1,NULL,2,1),(7,'data rule 1','MTU','MTU','@space@','.*',1,NULL,NULL,1,NULL,NULL,NULL,NULL,NULL,NULL,NULL,3,1);

#
# Structure for table "coll_policy_rule_tree"
#

CREATE TABLE `coll_policy_rule_tree` (
  `treeid` int(11) NOT NULL AUTO_INCREMENT,
  `parent_tree_id` int(11) DEFAULT NULL,
  `is_leaf` int(11) DEFAULT NULL,
  `level` int(11) DEFAULT NULL,
  `rule_id_path` varchar(2000) DEFAULT NULL,
  `coll_policy_id` int(11) NOT NULL,
  `rule_id` int(11) NOT NULL,
  PRIMARY KEY (`treeid`),
  KEY `coll_policy_rule_tre_coll_policy_id_44a8a286_fk_coll_poli` (`coll_policy_id`),
  KEY `coll_policy_rule_tre_rule_id_83e32d8d_fk_coll_poli` (`rule_id`),
  CONSTRAINT `coll_policy_rule_tre_coll_policy_id_44a8a286_fk_coll_poli` FOREIGN KEY (`coll_policy_id`) REFERENCES `coll_policy` (`coll_policy_id`),
  CONSTRAINT `coll_policy_rule_tre_rule_id_83e32d8d_fk_coll_poli` FOREIGN KEY (`rule_id`) REFERENCES `coll_policy_cli_rule` (`ruleid`)
) ENGINE=InnoDB AUTO_INCREMENT=4 DEFAULT CHARSET=utf8;

#
# Data for table "coll_policy_rule_tree"
#

INSERT INTO `coll_policy_rule_tree` VALUES (1,NULL,NULL,NULL,'/',1,1),(2,NULL,NULL,NULL,'/',1,7),(3,NULL,NULL,NULL,'/4',1,7);

#
# Structure for table "policys_groups"
#

CREATE TABLE `policys_groups` (
  `policys_groups_id` int(11) NOT NULL AUTO_INCREMENT,
  `exec_interval` int(11) DEFAULT NULL,
  `status` int(11) DEFAULT NULL,
  `history` varchar(255) DEFAULT NULL,
  `policy_id` int(11) NOT NULL,
  `policy_group_id` int(11) NOT NULL,
  PRIMARY KEY (`policys_groups_id`),
  KEY `policys_groups_policy_id_ae62e30f_fk_coll_policy_coll_policy_id` (`policy_id`),
  KEY `policys_groups_policy_group_id_f8b91a54_fk_coll_poli` (`policy_group_id`),
  CONSTRAINT `policys_groups_policy_group_id_f8b91a54_fk_coll_poli` FOREIGN KEY (`policy_group_id`) REFERENCES `coll_policy_groups` (`policy_group_id`),
  CONSTRAINT `policys_groups_policy_id_ae62e30f_fk_coll_policy_coll_policy_id` FOREIGN KEY (`policy_id`) REFERENCES `coll_policy` (`coll_policy_id`)
) ENGINE=InnoDB AUTO_INCREMENT=6 DEFAULT CHARSET=utf8;

#
# Data for table "policys_groups"
#

INSERT INTO `policys_groups` VALUES (3,300,1,NULL,1,1),(4,300,1,NULL,2,1),(5,300,1,NULL,2,2);

#
# Structure for table "schedules"
#

CREATE TABLE `schedules` (
  `schedule_id` int(11) NOT NULL AUTO_INCREMENT,
  `valid_period_type` int(11) DEFAULT NULL,
  `data_schedule_type` int(11) DEFAULT NULL,
  `start_period_time` varchar(255) DEFAULT NULL,
  `end_period_time` varchar(255) DEFAULT NULL,
  `data_schedule_time` varchar(255) DEFAULT NULL,
  `priority` int(11) DEFAULT NULL,
  `status` int(11) DEFAULT NULL,
  `device_group_id` int(11) NOT NULL,
  `ostype_id` int(11) NOT NULL,
  `policy_group_id` int(11) NOT NULL,
  PRIMARY KEY (`schedule_id`),
  KEY `schedules_device_group_id_55611fe5_fk_groups_group_id` (`device_group_id`),
  KEY `schedules_ostype_id_c6f25217_fk_ostype_ostypeid` (`ostype_id`),
  KEY `schedules_policy_group_id_106f5a98_fk_coll_poli` (`policy_group_id`),
  CONSTRAINT `schedules_device_group_id_55611fe5_fk_groups_group_id` FOREIGN KEY (`device_group_id`) REFERENCES `groups` (`group_id`),
  CONSTRAINT `schedules_ostype_id_c6f25217_fk_ostype_ostypeid` FOREIGN KEY (`ostype_id`) REFERENCES `ostype` (`ostypeid`),
  CONSTRAINT `schedules_policy_group_id_106f5a98_fk_coll_poli` FOREIGN KEY (`policy_group_id`) REFERENCES `coll_policy_groups` (`policy_group_id`)
) ENGINE=InnoDB AUTO_INCREMENT=3 DEFAULT CHARSET=utf8;

#
# Data for table "schedules"
#

INSERT INTO `schedules` VALUES (1,0,0,'2017-12-12@12:12','2018-3-20@12:12','1;2;3@09:00-10:00',0,1,1,1,1),(2,0,0,'2017-12-12@12:12','2018-3-20@12:12','1;2;3;4;5;6;7@09:00-13:00',1,1,1,1,1);

#
# Structure for table "items"
#

CREATE TABLE `items` (
  `item_id` int(11) NOT NULL AUTO_INCREMENT,
  `value_type` int(11) DEFAULT NULL,
  `item_type` int(11) DEFAULT NULL,
  `key_str` varchar(30) DEFAULT NULL,
  `status` int(11) DEFAULT '1',
  `last_exec_time` int(11) DEFAULT '1',
  `coll_policy_id` int(11) NOT NULL,
  `coll_policy_rule_tree_treeid` int(11) NOT NULL,
  `device_id` int(11) NOT NULL,
  `schedule_id` int(11) NOT NULL,
  `policys_groups_id` int(11) DEFAULT NULL,
  `groups_id` int(11) NOT NULL,
  `enable_status` int(11) NOT NULL,
  PRIMARY KEY (`item_id`),
  KEY `items_coll_policy_id_5d9e2d3c_fk_coll_policy_coll_policy_id` (`coll_policy_id`),
  KEY `items_coll_policy_rule_tre_c284a62d_fk_coll_poli` (`coll_policy_rule_tree_treeid`),
  KEY `items_device_id_b165d358_fk_devices_device_id` (`device_id`),
  KEY `items_schedule_id_2402dbb2_fk_schedules_schedule_id` (`schedule_id`),
  KEY `fk_items_groups` (`groups_id`),
  CONSTRAINT `fk_items_groups` FOREIGN KEY (`groups_id`) REFERENCES `groups` (`group_id`),
  CONSTRAINT `items_coll_policy_id_5d9e2d3c_fk_coll_policy_coll_policy_id` FOREIGN KEY (`coll_policy_id`) REFERENCES `coll_policy` (`coll_policy_id`),
  CONSTRAINT `items_device_id_b165d358_fk_devices_device_id` FOREIGN KEY (`device_id`) REFERENCES `devices` (`device_id`),
  CONSTRAINT `items_schedule_id_2402dbb2_fk_schedules_schedule_id` FOREIGN KEY (`schedule_id`) REFERENCES `schedules` (`schedule_id`)
) ENGINE=InnoDB AUTO_INCREMENT=7 DEFAULT CHARSET=utf8;

#
# Data for table "items"
#

INSERT INTO `items` VALUES (3,0,0,NULL,1,0,1,2,1,1,3,1,0),(4,0,0,NULL,1,0,2,3,1,1,4,1,0),(5,0,0,NULL,1,0,2,2,2,1,5,1,0),(6,1,1,NULL,1,0,4,1,1,2,5,1,0);

#
# Structure for table "data_table_items"
#

CREATE TABLE `data_table_items` (
  `data_table_items_id` int(11) NOT NULL AUTO_INCREMENT,
  `item_id` int(11) NOT NULL,
  `table_id` int(11) NOT NULL,
  PRIMARY KEY (`data_table_items_id`),
  KEY `data_table_items_item_id_e3b57427_fk_items_item_id` (`item_id`),
  KEY `data_table_items_table_id_f43b161a_fk_data_table_table_id` (`table_id`),
  CONSTRAINT `data_table_items_item_id_e3b57427_fk_items_item_id` FOREIGN KEY (`item_id`) REFERENCES `items` (`item_id`),
  CONSTRAINT `data_table_items_table_id_f43b161a_fk_data_table_table_id` FOREIGN KEY (`table_id`) REFERENCES `data_table` (`table_id`)
) ENGINE=InnoDB DEFAULT CHARSET=utf8;

#
# Data for table "data_table_items"
#


#
# Structure for table "history_cli_float"
#

CREATE TABLE `history_cli_float` (
  `id` int(11) NOT NULL AUTO_INCREMENT,
  `value` double DEFAULT NULL,
  `clock` int(11) DEFAULT NULL,
  `ns` int(11) DEFAULT NULL,
  `block_path` varchar(255) DEFAULT NULL,
  `item_id` int(11) NOT NULL,
  PRIMARY KEY (`id`),
  KEY `history_cli_float_item_id_e4dd4ea2_fk_items_item_id` (`item_id`),
  CONSTRAINT `history_cli_float_item_id_e4dd4ea2_fk_items_item_id` FOREIGN KEY (`item_id`) REFERENCES `items` (`item_id`)
) ENGINE=InnoDB DEFAULT CHARSET=utf8;

#
# Data for table "history_cli_float"
#


#
# Structure for table "history_cli_int"
#

CREATE TABLE `history_cli_int` (
  `id` int(11) NOT NULL AUTO_INCREMENT,
  `value` bigint(20) DEFAULT NULL,
  `clock` int(11) DEFAULT NULL,
  `ns` int(11) DEFAULT NULL,
  `block_path` varchar(255) DEFAULT NULL,
  `item_id` int(11) NOT NULL,
  PRIMARY KEY (`id`),
  KEY `history_cli_int_item_id_803f6c12_fk_items_item_id` (`item_id`),
  CONSTRAINT `history_cli_int_item_id_803f6c12_fk_items_item_id` FOREIGN KEY (`item_id`) REFERENCES `items` (`item_id`)
) ENGINE=InnoDB AUTO_INCREMENT=1771 DEFAULT CHARSET=utf8;

#
# Data for table "history_cli_int"
#

INSERT INTO `history_cli_int` VALUES (687,1500,1519632802,1519632804,'GigabitEthernet_2',4),(688,1500,1519632802,1519632804,'GigabitEthernet_2',4),(689,1500,1519632802,1519632804,'GigabitEthernet_2',4),(690,1500,1519632802,1519632804,'GigabitEthernet_2',4),(691,1500,1519632802,1519632804,'GigabitEthernet_2',4),(692,1500,1519632802,1519632804,'GigabitEthernet_2',4),(693,1500,1519632802,1519632804,'GigabitEthernet_2',4),(694,1500,1519632802,1519632804,'GigabitEthernet_2',4),(695,1500,1519632802,1519632804,'GigabitEthernet_2',4),(696,1500,1519632802,1519632804,'GigabitEthernet_2',4),(697,1500,1519632802,1519632804,'GigabitEthernet_2',4),(698,1500,1519632802,1519632804,'GigabitEthernet_2',4),(699,1500,1519632802,1519632804,'GigabitEthernet_2',4),(700,1500,1519632802,1519632804,'GigabitEthernet_2',4),(701,1500,1519632802,1519632804,'GigabitEthernet_2',4),(702,1500,1519632802,1519632804,'GigabitEthernet_2',4),(703,1500,1519632802,1519632804,'GigabitEthernet_2',4),(704,1500,1519632802,1519632804,'GigabitEthernet_2',4),(705,1500,1519632802,1519632805,'GigabitEthernet_2',4),(706,1500,1519632802,1519632805,'GigabitEthernet_2',4),(707,1500,1519632802,1519632805,'GigabitEthernet_2',4),(708,1500,1519632802,1519632805,'GigabitEthernet_2',4),(709,1500,1519632802,1519632806,'GigabitEthernet_2',4),(710,1500,1519632802,1519632806,'GigabitEthernet_2',4),(711,1500,1519632802,1519632806,'GigabitEthernet_2',4),(712,1500,1519632802,1519632806,'GigabitEthernet_2',4),(713,1500,1519632802,1519632806,'GigabitEthernet_2',4),(714,1500,1519632802,1519632806,'GigabitEthernet_2',4),(715,1500,1519632802,1519632806,'GigabitEthernet_2',4),(716,1500,1519632802,1519632806,'GigabitEthernet_2',4),(717,1500,1519632802,1519632806,'GigabitEthernet_2',4),(718,1500,1519632802,1519632807,'GigabitEthernet_2',4),(719,1500,1519632802,1519632807,'GigabitEthernet_2',4),(720,1500,1519632802,1519632807,'GigabitEthernet_2',4),(721,1500,1519632802,1519632807,'GigabitEthernet_2',4),(722,1500,1519632802,1519632807,'GigabitEthernet_2',4),(723,1500,1519632802,1519632807,'GigabitEthernet_2',4),(724,1500,1519632802,1519632807,'GigabitEthernet_2',4),(725,1500,1519632802,1519632807,'GigabitEthernet_2',4),(726,1500,1519632802,1519632808,'GigabitEthernet_2',4),(727,1500,1519632802,1519632808,'GigabitEthernet_2',4),(728,1500,1519632802,1519632808,'GigabitEthernet_2',4),(729,1500,1519632802,1519632808,'GigabitEthernet_2',4),(730,1500,1519632802,1519632808,'GigabitEthernet_2',4),(731,1500,1519632802,1519632808,'GigabitEthernet_2',4),(732,1500,1519632802,1519632808,'GigabitEthernet_2',4),(733,1500,1519632802,1519632808,'GigabitEthernet_2',4),(734,1500,1519632802,1519632808,'GigabitEthernet_2',4),(735,1500,1519632802,1519632809,'GigabitEthernet_2',4),(736,1500,1519632802,1519632809,'GigabitEthernet_2',4),(737,1500,1519632802,1519632809,'GigabitEthernet_2',4),(738,1500,1519632802,1519632809,'GigabitEthernet_2',4),(739,1500,1519632802,1519632810,'GigabitEthernet_2',4),(740,1500,1519632802,1519632810,'GigabitEthernet_2',4),(741,1500,1519632802,1519632810,'GigabitEthernet_2',4),(742,1500,1519632802,1519632810,'GigabitEthernet_2',4),(743,1500,1519632802,1519632810,'GigabitEthernet_2',4),(744,1500,1519632802,1519632810,'GigabitEthernet_2',4),(745,1500,1519632802,1519632810,'GigabitEthernet_2',4),(746,1500,1519632802,1519632810,'GigabitEthernet_2',4),(747,1500,1519632802,1519632810,'GigabitEthernet_2',4),(748,1500,1519632802,1519632810,'GigabitEthernet_2',4),(749,1500,1519632802,1519632810,'GigabitEthernet_2',4),(750,1500,1519632802,1519632811,'GigabitEthernet_2',4),(751,1500,1519634037,1519634039,'GigabitEthernet_2',4),(752,1500,1519634037,1519634039,'GigabitEthernet_2',4),(753,1500,1519634037,1519634039,'GigabitEthernet_2',4),(754,1500,1519634037,1519634039,'GigabitEthernet_2',4),(755,1500,1519634037,1519634039,'GigabitEthernet_2',4),(756,1500,1519634037,1519634039,'GigabitEthernet_2',4),(757,1500,1519634037,1519634039,'GigabitEthernet_2',4),(758,1500,1519634037,1519634039,'GigabitEthernet_2',4),(759,1500,1519634037,1519634039,'GigabitEthernet_2',4),(760,1500,1519634037,1519634039,'GigabitEthernet_2',4),(761,1500,1519634037,1519634039,'GigabitEthernet_2',4),(762,1500,1519634037,1519634039,'GigabitEthernet_2',4),(763,1500,1519634037,1519634039,'GigabitEthernet_2',4),(764,1500,1519634037,1519634039,'GigabitEthernet_2',4),(765,1500,1519634037,1519634039,'GigabitEthernet_2',4),(766,1500,1519634037,1519634039,'GigabitEthernet_2',4),(767,1500,1519634037,1519634039,'GigabitEthernet_2',4),(768,1500,1519634037,1519634039,'GigabitEthernet_2',4),(769,1500,1519634037,1519634039,'GigabitEthernet_2',4),(770,1500,1519634037,1519634040,'GigabitEthernet_2',4),(771,1500,1519634037,1519634042,'GigabitEthernet_2',4),(772,1500,1519634037,1519634042,'GigabitEthernet_2',4),(773,1500,1519634037,1519634042,'GigabitEthernet_2',4),(774,1500,1519634037,1519634042,'GigabitEthernet_2',4),(775,1500,1519634037,1519634042,'GigabitEthernet_2',4),(776,1500,1519634037,1519634042,'GigabitEthernet_2',4),(777,1500,1519634037,1519634042,'GigabitEthernet_2',4),(778,1500,1519634037,1519634042,'GigabitEthernet_2',4),(779,1500,1519634037,1519634042,'GigabitEthernet_2',4),(780,1500,1519634037,1519634042,'GigabitEthernet_2',4),(781,1500,1519634037,1519634042,'GigabitEthernet_2',4),(782,1500,1519634037,1519634042,'GigabitEthernet_2',4),(783,1500,1519634037,1519634042,'GigabitEthernet_2',4),(784,1500,1519634037,1519634042,'GigabitEthernet_2',4),(785,1500,1519634037,1519634042,'GigabitEthernet_2',4),(786,1500,1519634037,1519634042,'GigabitEthernet_2',4),(787,1500,1519634037,1519634042,'GigabitEthernet_2',4),(788,1500,1519634037,1519634043,'GigabitEthernet_2',4),(789,1500,1519634037,1519634043,'GigabitEthernet_2',4),(790,1500,1519634037,1519634043,'GigabitEthernet_2',4),(791,1500,1519634037,1519634044,'GigabitEthernet_2',4),(792,1500,1519634037,1519634045,'GigabitEthernet_2',4),(793,1500,1519634037,1519634045,'GigabitEthernet_2',4),(794,1500,1519634037,1519634045,'GigabitEthernet_2',4),(795,1500,1519634037,1519634045,'GigabitEthernet_2',4),(796,1500,1519634037,1519634045,'GigabitEthernet_2',4),(797,1500,1519634037,1519634045,'GigabitEthernet_2',4),(798,1500,1519634037,1519634045,'GigabitEthernet_2',4),(799,1500,1519634037,1519634045,'GigabitEthernet_2',4),(800,1500,1519634037,1519634045,'GigabitEthernet_2',4),(801,1500,1519634037,1519634045,'GigabitEthernet_2',4),(802,1500,1519634037,1519634045,'GigabitEthernet_2',4),(803,1500,1519634037,1519634045,'GigabitEthernet_2',4),(804,1500,1519634037,1519634045,'GigabitEthernet_2',4),(805,1500,1519634037,1519634045,'GigabitEthernet_2',4),(806,1500,1519634037,1519634045,'GigabitEthernet_2',4),(807,1500,1519634037,1519634045,'GigabitEthernet_2',4),(808,1500,1519634037,1519634046,'GigabitEthernet_2',4),(809,1500,1519634037,1519634046,'GigabitEthernet_2',4),(810,1500,1519634037,1519634046,'GigabitEthernet_2',4),(811,1500,1519634037,1519634046,'GigabitEthernet_2',4),(812,1500,1519634037,1519634046,'GigabitEthernet_2',4),(813,1500,1519634037,1519634046,'GigabitEthernet_2',4),(814,1500,1519634037,1519634047,'GigabitEthernet_2',4),(815,1500,1519634037,1519634047,'GigabitEthernet_2',4),(816,1500,1519634037,1519634047,'GigabitEthernet_2',4),(817,1500,1519634037,1519634047,'GigabitEthernet_2',4),(818,1500,1519634037,1519634047,'GigabitEthernet_2',4),(819,1500,1519634037,1519634047,'GigabitEthernet_2',4),(820,1500,1519634037,1519634048,'GigabitEthernet_2',4),(821,1500,1519634037,1519634048,'GigabitEthernet_2',4),(822,1500,1519634037,1519634048,'GigabitEthernet_2',4),(823,1500,1519634037,1519634048,'GigabitEthernet_2',4),(824,1500,1519634037,1519634048,'GigabitEthernet_2',4),(825,1500,1519634037,1519634048,'GigabitEthernet_2',4),(826,1500,1519634037,1519634048,'GigabitEthernet_2',4),(827,1500,1519634037,1519634048,'GigabitEthernet_2',4),(828,1500,1519634037,1519634048,'GigabitEthernet_2',4),(829,1500,1519634037,1519634048,'GigabitEthernet_2',4),(830,1500,1519634037,1519634048,'GigabitEthernet_2',4),(831,1500,1519634037,1519634048,'GigabitEthernet_2',4),(832,1500,1519634037,1519634048,'GigabitEthernet_2',4),(833,1500,1519634037,1519634048,'GigabitEthernet_2',4),(834,1500,1519634037,1519634049,'GigabitEthernet_2',4),(835,1500,1519634037,1519634049,'GigabitEthernet_2',4),(836,1500,1519634037,1519634049,'GigabitEthernet_2',4),(837,1500,1519634037,1519634049,'GigabitEthernet_2',4),(838,1500,1519634037,1519634050,'GigabitEthernet_2',4),(839,1500,1519634037,1519634050,'GigabitEthernet_2',4),(840,1500,1519634037,1519634050,'GigabitEthernet_2',4),(841,1500,1519634037,1519634050,'GigabitEthernet_2',4),(842,1500,1519634037,1519634050,'GigabitEthernet_2',4),(843,1500,1519634037,1519634050,'GigabitEthernet_2',4),(844,1500,1519634037,1519634050,'GigabitEthernet_2',4),(845,1500,1519634037,1519634050,'GigabitEthernet_2',4),(846,1500,1519634037,1519634050,'GigabitEthernet_2',4),(847,1500,1519634037,1519634050,'GigabitEthernet_2',4),(848,1500,1519634037,1519634050,'GigabitEthernet_2',4),(849,1500,1519634037,1519634050,'GigabitEthernet_2',4),(850,1500,1519634037,1519634050,'GigabitEthernet_2',4),(851,1500,1519634037,1519634050,'GigabitEthernet_2',4),(852,1500,1519634037,1519634050,'GigabitEthernet_2',4),(853,1500,1519634037,1519634051,'GigabitEthernet_2',4),(854,1500,1519634037,1519634051,'GigabitEthernet_2',4),(855,1500,1519634037,1519634051,'GigabitEthernet_2',4),(856,1500,1519634037,1519634051,'GigabitEthernet_2',4),(857,1500,1519634037,1519634051,'GigabitEthernet_2',4),(858,1500,1519634037,1519634051,'GigabitEthernet_2',4),(859,1500,1519634037,1519634052,'GigabitEthernet_2',4),(860,1500,1519634037,1519634052,'GigabitEthernet_2',4),(861,1500,1519634037,1519634052,'GigabitEthernet_2',4),(862,1500,1519634037,1519634052,'GigabitEthernet_2',4),(863,1500,1519634037,1519634052,'GigabitEthernet_2',4),(864,1500,1519634037,1519634052,'GigabitEthernet_2',4),(865,1500,1519634037,1519634052,'GigabitEthernet_2',4),(866,1500,1519634037,1519634052,'GigabitEthernet_2',4),(867,1500,1519634037,1519634052,'GigabitEthernet_2',4),(868,1500,1519634037,1519634052,'GigabitEthernet_2',4),(869,1500,1519634037,1519634053,'GigabitEthernet_2',4),(870,1500,1519634037,1519634053,'GigabitEthernet_2',4),(871,1500,1519634037,1519634053,'GigabitEthernet_2',4),(872,1500,1519634037,1519634053,'GigabitEthernet_2',4),(873,1500,1519634037,1519634053,'GigabitEthernet_2',4),(874,1500,1519634037,1519634053,'GigabitEthernet_2',4),(875,1500,1519634037,1519634053,'GigabitEthernet_2',4),(876,1500,1519634037,1519634053,'GigabitEthernet_2',4),(877,1500,1519634037,1519634053,'GigabitEthernet_2',4),(878,1500,1519634037,1519634053,'GigabitEthernet_2',4),(879,1500,1519634037,1519634053,'GigabitEthernet_2',4),(880,1500,1519634037,1519634054,'GigabitEthernet_2',4),(881,1500,1519634037,1519634054,'GigabitEthernet_2',4),(882,1500,1519634037,1519634054,'GigabitEthernet_2',4),(883,1500,1519634037,1519634054,'GigabitEthernet_2',4),(884,1500,1519634037,1519634055,'GigabitEthernet_2',4),(885,1500,1519634037,1519634055,'GigabitEthernet_2',4),(886,1500,1519634037,1519634055,'GigabitEthernet_2',4),(887,1500,1519634037,1519634055,'GigabitEthernet_2',4),(888,1500,1519634037,1519634055,'GigabitEthernet_2',4),(889,1500,1519634037,1519634055,'GigabitEthernet_2',4),(890,1500,1519634037,1519634055,'GigabitEthernet_2',4),(891,1500,1519634037,1519634055,'GigabitEthernet_2',4),(892,1500,1519634037,1519634055,'GigabitEthernet_2',4),(893,1500,1519634037,1519634055,'GigabitEthernet_2',4),(894,1500,1519634037,1519634055,'GigabitEthernet_2',4),(895,1500,1519634037,1519634055,'GigabitEthernet_2',4),(896,1500,1519634037,1519634055,'GigabitEthernet_2',4),(897,1500,1519634037,1519634055,'GigabitEthernet_2',4),(898,1500,1519634037,1519634055,'GigabitEthernet_2',4),(899,1500,1519634037,1519634055,'GigabitEthernet_2',4),(900,1500,1519634037,1519634056,'GigabitEthernet_2',4),(901,1500,1519634037,1519634056,'GigabitEthernet_2',4),(902,1500,1519634037,1519634056,'GigabitEthernet_2',4),(903,1500,1519634037,1519634056,'GigabitEthernet_2',4),(904,1500,1519634037,1519634056,'GigabitEthernet_2',4),(905,1500,1519634037,1519634057,'GigabitEthernet_2',4),(906,1500,1519634037,1519634058,'GigabitEthernet_2',4),(907,1500,1519634037,1519634058,'GigabitEthernet_2',4),(908,1500,1519634037,1519634058,'GigabitEthernet_2',4),(909,1500,1519634037,1519634058,'GigabitEthernet_2',4),(910,1500,1519634037,1519634059,'GigabitEthernet_2',4),(911,1500,1519634037,1519634059,'GigabitEthernet_2',4),(912,1500,1519634037,1519634059,'GigabitEthernet_2',4),(913,1500,1519634037,1519634059,'GigabitEthernet_2',4),(914,1500,1519634037,1519634059,'GigabitEthernet_2',4),(915,1500,1519634037,1519634059,'GigabitEthernet_2',4),(916,1500,1519634037,1519634059,'GigabitEthernet_2',4),(917,1500,1519634037,1519634059,'GigabitEthernet_2',4),(918,1500,1519634037,1519634059,'GigabitEthernet_2',4),(919,1500,1519634037,1519634059,'GigabitEthernet_2',4),(920,1500,1519634037,1519634059,'GigabitEthernet_2',4),(921,1500,1519634037,1519634059,'GigabitEthernet_2',4),(922,1500,1519634037,1519634059,'GigabitEthernet_2',4),(923,1500,1519634037,1519634059,'GigabitEthernet_2',4),(924,1500,1519634037,1519634060,'GigabitEthernet_2',4),(925,1500,1519634037,1519634060,'GigabitEthernet_2',4),(926,1500,1519634037,1519634060,'GigabitEthernet_2',4),(927,1500,1519634037,1519634060,'GigabitEthernet_2',4),(928,1500,1519634037,1519634060,'GigabitEthernet_2',4),(929,1500,1519634037,1519634061,'GigabitEthernet_2',4),(930,1500,1519634037,1519634061,'GigabitEthernet_2',4),(931,1500,1519634037,1519634061,'GigabitEthernet_2',4),(932,1500,1519634037,1519634061,'GigabitEthernet_2',4),(933,1500,1519634037,1519634061,'GigabitEthernet_2',4),(934,1500,1519634037,1519634061,'GigabitEthernet_2',4),(935,1500,1519634037,1519634061,'GigabitEthernet_2',4),(936,1500,1519634037,1519634061,'GigabitEthernet_2',4),(937,1500,1519634037,1519634061,'GigabitEthernet_2',4),(938,1500,1519634037,1519634061,'GigabitEthernet_2',4),(939,1500,1519634037,1519634061,'GigabitEthernet_2',4),(940,1500,1519634037,1519634061,'GigabitEthernet_2',4),(941,1500,1519634037,1519634061,'GigabitEthernet_2',4),(942,1500,1519634037,1519634061,'GigabitEthernet_2',4),(943,1500,1519634037,1519634061,'GigabitEthernet_2',4),(944,1500,1519634037,1519634062,'GigabitEthernet_2',4),(945,1500,1519634037,1519634062,'GigabitEthernet_2',4),(946,1500,1519634037,1519634062,'GigabitEthernet_2',4),(947,1500,1519634037,1519634062,'GigabitEthernet_2',4),(948,1500,1519634037,1519634062,'GigabitEthernet_2',4),(949,1500,1519634037,1519634062,'GigabitEthernet_2',4),(950,1500,1519634037,1519634062,'GigabitEthernet_2',4),(951,1500,1519634037,1519634062,'GigabitEthernet_2',4),(952,1500,1519634037,1519634063,'GigabitEthernet_2',4),(953,1500,1519634037,1519634063,'GigabitEthernet_2',4),(954,1500,1519634037,1519634063,'GigabitEthernet_2',4),(955,1500,1519634037,1519634063,'GigabitEthernet_2',4),(956,1500,1519634037,1519634063,'GigabitEthernet_2',4),(957,1500,1519634037,1519634063,'GigabitEthernet_2',4),(958,1500,1519634037,1519634063,'GigabitEthernet_2',4),(959,1500,1519634037,1519634063,'GigabitEthernet_2',4),(960,1500,1519634037,1519634064,'GigabitEthernet_2',4),(961,1500,1519634037,1519634064,'GigabitEthernet_2',4),(962,1500,1519634037,1519634064,'GigabitEthernet_2',4),(963,1500,1519634037,1519634064,'GigabitEthernet_2',4),(964,1500,1519634037,1519634064,'GigabitEthernet_2',4),(965,1500,1519634037,1519634064,'GigabitEthernet_2',4),(966,1500,1519634037,1519634064,'GigabitEthernet_2',4),(967,1500,1519634037,1519634064,'GigabitEthernet_2',4),(968,1500,1519634037,1519634064,'GigabitEthernet_2',4),(969,1500,1519634037,1519634064,'GigabitEthernet_2',4),(970,1500,1519634037,1519634064,'GigabitEthernet_2',4),(971,1500,1519634037,1519634064,'GigabitEthernet_2',4),(972,1500,1519634037,1519634064,'GigabitEthernet_2',4),(973,1500,1519634037,1519634065,'GigabitEthernet_2',4),(974,1500,1519634037,1519634065,'GigabitEthernet_2',4),(975,1500,1519634037,1519634065,'GigabitEthernet_2',4),(976,1500,1519634037,1519634065,'GigabitEthernet_2',4),(977,1500,1519634037,1519634065,'GigabitEthernet_2',4),(978,1500,1519634037,1519634065,'GigabitEthernet_2',4),(979,1500,1519634037,1519634065,'GigabitEthernet_2',4),(980,1500,1519634037,1519634066,'GigabitEthernet_2',4),(981,1500,1519634037,1519634066,'GigabitEthernet_2',4),(982,1500,1519634037,1519634066,'GigabitEthernet_2',4),(983,1500,1519634037,1519634066,'GigabitEthernet_2',4),(984,1500,1519634037,1519634066,'GigabitEthernet_2',4),(985,1500,1519634037,1519634066,'GigabitEthernet_2',4),(986,1500,1519634037,1519634066,'GigabitEthernet_2',4),(987,1500,1519634037,1519634066,'GigabitEthernet_2',4),(988,1500,1519634037,1519634066,'GigabitEthernet_2',4),(989,1500,1519634037,1519634066,'GigabitEthernet_2',4),(990,1500,1519634037,1519634066,'GigabitEthernet_2',4),(991,1500,1519634037,1519634066,'GigabitEthernet_2',4),(992,1500,1519634037,1519634066,'GigabitEthernet_2',4),(993,1500,1519634037,1519634066,'GigabitEthernet_2',4),(994,1500,1519634037,1519634067,'GigabitEthernet_2',4),(995,1500,1519634037,1519634067,'GigabitEthernet_2',4),(996,1500,1519634037,1519634067,'GigabitEthernet_2',4),(997,1500,1519634037,1519634067,'GigabitEthernet_2',4),(998,1500,1519634037,1519634067,'GigabitEthernet_2',4),(999,1500,1519634037,1519634067,'GigabitEthernet_2',4),(1000,1500,1519634037,1519634067,'GigabitEthernet_2',4),(1001,1500,1519634037,1519634067,'GigabitEthernet_2',4),(1002,1500,1519634037,1519634068,'GigabitEthernet_2',4),(1003,1500,1519634037,1519634068,'GigabitEthernet_2',4),(1004,1500,1519634037,1519634068,'GigabitEthernet_2',4),(1005,1500,1519634037,1519634068,'GigabitEthernet_2',4),(1006,1500,1519634037,1519634068,'GigabitEthernet_2',4),(1007,1500,1519634037,1519634068,'GigabitEthernet_2',4),(1008,1500,1519634037,1519634068,'GigabitEthernet_2',4),(1009,1500,1519634037,1519634069,'GigabitEthernet_2',4),(1010,1500,1519634037,1519634069,'GigabitEthernet_2',4),(1011,1500,1519634037,1519634069,'GigabitEthernet_2',4),(1012,1500,1519634037,1519634069,'GigabitEthernet_2',4),(1013,1500,1519634037,1519634069,'GigabitEthernet_2',4),(1014,1500,1519634037,1519634069,'GigabitEthernet_2',4),(1015,1500,1519634037,1519634069,'GigabitEthernet_2',4),(1016,1500,1519634037,1519634069,'GigabitEthernet_2',4),(1017,1500,1519634037,1519634069,'GigabitEthernet_2',4),(1018,1500,1519634037,1519634069,'GigabitEthernet_2',4),(1019,1500,1519634037,1519634069,'GigabitEthernet_2',4),(1020,1500,1519634037,1519634069,'GigabitEthernet_2',4),(1021,1500,1519634037,1519634069,'GigabitEthernet_2',4),(1022,1500,1519634037,1519634070,'GigabitEthernet_2',4),(1023,1500,1519634037,1519634070,'GigabitEthernet_2',4),(1024,1500,1519634037,1519634070,'GigabitEthernet_2',4),(1025,1500,1519634037,1519634070,'GigabitEthernet_2',4),(1026,1500,1519634037,1519634070,'GigabitEthernet_2',4),(1027,1500,1519634037,1519634071,'GigabitEthernet_2',4),(1028,1500,1519634037,1519634071,'GigabitEthernet_2',4),(1029,1500,1519634037,1519634071,'GigabitEthernet_2',4),(1030,1500,1519634037,1519634071,'GigabitEthernet_2',4),(1031,1500,1519634037,1519634071,'GigabitEthernet_2',4),(1032,1500,1519634037,1519634071,'GigabitEthernet_2',4),(1033,1500,1519634037,1519634071,'GigabitEthernet_2',4),(1034,1500,1519634037,1519634071,'GigabitEthernet_2',4),(1035,1500,1519634037,1519634071,'GigabitEthernet_2',4),(1036,1500,1519634037,1519634071,'GigabitEthernet_2',4),(1037,1500,1519634037,1519634071,'GigabitEthernet_2',4),(1038,1500,1519634037,1519634071,'GigabitEthernet_2',4),(1039,1500,1519634037,1519634072,'GigabitEthernet_2',4),(1040,1500,1519634037,1519634072,'GigabitEthernet_2',4),(1041,1500,1519634037,1519634072,'GigabitEthernet_2',4),(1042,1500,1519634037,1519634072,'GigabitEthernet_2',4),(1043,1500,1519634037,1519634072,'GigabitEthernet_2',4),(1044,1500,1519634037,1519634072,'GigabitEthernet_2',4),(1045,1500,1519634037,1519634072,'GigabitEthernet_2',4),(1046,1500,1519634037,1519634072,'GigabitEthernet_2',4),(1047,1500,1519634037,1519634072,'GigabitEthernet_2',4),(1048,1500,1519634037,1519634073,'GigabitEthernet_2',4),(1049,1500,1519634037,1519634073,'GigabitEthernet_2',4),(1050,1500,1519634037,1519634074,'GigabitEthernet_2',4),(1051,1500,1519634037,1519634074,'GigabitEthernet_2',4),(1052,1500,1519634037,1519634074,'GigabitEthernet_2',4),(1053,1500,1519634037,1519634074,'GigabitEthernet_2',4),(1054,1500,1519634037,1519634074,'GigabitEthernet_2',4),(1055,1500,1519634037,1519634074,'GigabitEthernet_2',4),(1056,1500,1519634037,1519634074,'GigabitEthernet_2',4),(1057,1500,1519634037,1519634074,'GigabitEthernet_2',4),(1058,1500,1519634037,1519634074,'GigabitEthernet_2',4),(1059,1500,1519634037,1519634074,'GigabitEthernet_2',4),(1060,1500,1519634037,1519634074,'GigabitEthernet_2',4),(1061,1500,1519634037,1519634074,'GigabitEthernet_2',4),(1062,1500,1519634037,1519634074,'GigabitEthernet_2',4),(1063,1500,1519634037,1519634074,'GigabitEthernet_2',4),(1064,1500,1519634037,1519634074,'GigabitEthernet_2',4),(1065,1500,1519634037,1519634074,'GigabitEthernet_2',4),(1066,1500,1519634037,1519634075,'GigabitEthernet_2',4),(1067,1500,1519634037,1519634075,'GigabitEthernet_2',4),(1068,1500,1519634037,1519634075,'GigabitEthernet_2',4),(1069,1500,1519634037,1519634075,'GigabitEthernet_2',4),(1070,1500,1519634037,1519634076,'GigabitEthernet_2',4),(1071,1500,1519634037,1519634076,'GigabitEthernet_2',4),(1072,1500,1519634037,1519634076,'GigabitEthernet_2',4),(1073,1500,1519634037,1519634076,'GigabitEthernet_2',4),(1074,1500,1519634037,1519634076,'GigabitEthernet_2',4),(1075,1500,1519634037,1519634076,'GigabitEthernet_2',4),(1076,1500,1519634037,1519634076,'GigabitEthernet_2',4),(1077,1500,1519634037,1519634076,'GigabitEthernet_2',4),(1078,1500,1519634037,1519634076,'GigabitEthernet_2',4),(1079,1500,1519634037,1519634077,'GigabitEthernet_2',4),(1080,1500,1519634037,1519634077,'GigabitEthernet_2',4),(1081,1500,1519634037,1519634077,'GigabitEthernet_2',4),(1082,1500,1519634037,1519634077,'GigabitEthernet_2',4),(1083,1500,1519634037,1519634077,'GigabitEthernet_2',4),(1084,1500,1519634037,1519634077,'GigabitEthernet_2',4),(1085,1500,1519634037,1519634077,'GigabitEthernet_2',4),(1086,1500,1519634037,1519634077,'GigabitEthernet_2',4),(1087,1500,1519634037,1519634077,'GigabitEthernet_2',4),(1088,1500,1519634037,1519634077,'GigabitEthernet_2',4),(1089,1500,1519634037,1519634077,'GigabitEthernet_2',4),(1090,1500,1519634037,1519634077,'GigabitEthernet_2',4),(1091,1500,1519634037,1519634078,'GigabitEthernet_2',4),(1092,1500,1519634037,1519634078,'GigabitEthernet_2',4),(1093,1500,1519634037,1519634078,'GigabitEthernet_2',4),(1094,1500,1519634037,1519634078,'GigabitEthernet_2',4),(1095,1500,1519634037,1519634078,'GigabitEthernet_2',4),(1096,1500,1519634037,1519634078,'GigabitEthernet_2',4),(1097,1500,1519634037,1519634078,'GigabitEthernet_2',4),(1098,1500,1519634037,1519634078,'GigabitEthernet_2',4),(1099,1500,1519634037,1519634079,'GigabitEthernet_2',4),(1100,1500,1519634037,1519634079,'GigabitEthernet_2',4),(1101,1500,1519634037,1519634079,'GigabitEthernet_2',4),(1102,1500,1519634037,1519634079,'GigabitEthernet_2',4),(1103,1500,1519634037,1519634079,'GigabitEthernet_2',4),(1104,1500,1519634037,1519634079,'GigabitEthernet_2',4),(1105,1500,1519634037,1519634079,'GigabitEthernet_2',4),(1106,1500,1519634037,1519634079,'GigabitEthernet_2',4),(1107,1500,1519634037,1519634079,'GigabitEthernet_2',4),(1108,1500,1519634037,1519634080,'GigabitEthernet_2',4),(1109,1500,1519634037,1519634080,'GigabitEthernet_2',4),(1110,1500,1519634037,1519634080,'GigabitEthernet_2',4),(1111,1500,1519634037,1519634080,'GigabitEthernet_2',4),(1112,1500,1519634037,1519634080,'GigabitEthernet_2',4),(1113,1500,1519634037,1519634080,'GigabitEthernet_2',4),(1114,1500,1519634037,1519634080,'GigabitEthernet_2',4),(1115,1500,1519634037,1519634080,'GigabitEthernet_2',4),(1116,1500,1519634037,1519634080,'GigabitEthernet_2',4),(1117,1500,1519634037,1519634080,'GigabitEthernet_2',4),(1118,1500,1519634037,1519634080,'GigabitEthernet_2',4),(1119,1500,1519634037,1519634080,'GigabitEthernet_2',4),(1120,1500,1519634037,1519634080,'GigabitEthernet_2',4),(1121,1500,1519634037,1519634080,'GigabitEthernet_2',4),(1122,1500,1519634037,1519634081,'GigabitEthernet_2',4),(1123,1500,1519634037,1519634081,'GigabitEthernet_2',4),(1124,1500,1519634037,1519634081,'GigabitEthernet_2',4),(1125,1500,1519634037,1519634081,'GigabitEthernet_2',4),(1126,1500,1519634037,1519634081,'GigabitEthernet_2',4),(1127,1500,1519634037,1519634081,'GigabitEthernet_2',4),(1128,1500,1519634037,1519634082,'GigabitEthernet_2',4),(1129,1500,1519634037,1519634082,'GigabitEthernet_2',4),(1130,1500,1519634037,1519634082,'GigabitEthernet_2',4),(1131,1500,1519634037,1519634082,'GigabitEthernet_2',4),(1132,1500,1519634037,1519634082,'GigabitEthernet_2',4),(1133,1500,1519634037,1519634082,'GigabitEthernet_2',4),(1134,1500,1519634037,1519634082,'GigabitEthernet_2',4),(1135,1500,1519634037,1519634082,'GigabitEthernet_2',4),(1136,1500,1519634037,1519634082,'GigabitEthernet_2',4),(1137,1500,1519634037,1519634082,'GigabitEthernet_2',4),(1138,1500,1519634037,1519634082,'GigabitEthernet_2',4),(1139,1500,1519634037,1519634082,'GigabitEthernet_2',4),(1140,1500,1519634037,1519634082,'GigabitEthernet_2',4),(1141,1500,1519634037,1519634082,'GigabitEthernet_2',4),(1142,1500,1519634037,1519634082,'GigabitEthernet_2',4),(1143,1500,1519634037,1519634082,'GigabitEthernet_2',4),(1144,1500,1519634037,1519634082,'GigabitEthernet_2',4),(1145,1500,1519634037,1519634083,'GigabitEthernet_2',4),(1146,1500,1519634037,1519634083,'GigabitEthernet_2',4),(1147,1500,1519634037,1519634083,'GigabitEthernet_2',4),(1148,1500,1519634037,1519634083,'GigabitEthernet_2',4),(1149,1500,1519634037,1519634084,'GigabitEthernet_2',4),(1150,1500,1519634037,1519634084,'GigabitEthernet_2',4),(1151,1500,1519634037,1519634084,'GigabitEthernet_2',4),(1152,1500,1519634037,1519634084,'GigabitEthernet_2',4),(1153,1500,1519634037,1519634084,'GigabitEthernet_2',4),(1154,1500,1519634037,1519634084,'GigabitEthernet_2',4),(1155,1500,1519634037,1519634084,'GigabitEthernet_2',4),(1156,1500,1519634037,1519634084,'GigabitEthernet_2',4),(1157,1500,1519634037,1519634084,'GigabitEthernet_2',4),(1158,1500,1519634037,1519634085,'GigabitEthernet_2',4),(1159,1500,1519634037,1519634085,'GigabitEthernet_2',4),(1160,1500,1519634037,1519634085,'GigabitEthernet_2',4),(1161,1500,1519634037,1519634085,'GigabitEthernet_2',4),(1162,1500,1519634037,1519634085,'GigabitEthernet_2',4),(1163,1500,1519634037,1519634085,'GigabitEthernet_2',4),(1164,1500,1519634037,1519634085,'GigabitEthernet_2',4),(1165,1500,1519634037,1519634085,'GigabitEthernet_2',4),(1166,1500,1519634037,1519634085,'GigabitEthernet_2',4),(1167,1500,1519634037,1519634085,'GigabitEthernet_2',4),(1168,1500,1519634037,1519634085,'GigabitEthernet_2',4),(1169,1500,1519634037,1519634085,'GigabitEthernet_2',4),(1170,1500,1519634037,1519634085,'GigabitEthernet_2',4),(1171,1500,1519634037,1519634085,'GigabitEthernet_2',4),(1172,1500,1519634037,1519634085,'GigabitEthernet_2',4),(1173,1500,1519634037,1519634086,'GigabitEthernet_2',4),(1174,1500,1519634037,1519634086,'GigabitEthernet_2',4),(1175,1500,1519634037,1519634086,'GigabitEthernet_2',4),(1176,1500,1519634037,1519634086,'GigabitEthernet_2',4),(1177,1500,1519634037,1519634086,'GigabitEthernet_2',4),(1178,1500,1519634037,1519634087,'GigabitEthernet_2',4),(1179,1500,1519634037,1519634087,'GigabitEthernet_2',4),(1180,1500,1519634037,1519634087,'GigabitEthernet_2',4),(1181,1500,1519634037,1519634087,'GigabitEthernet_2',4),(1182,1500,1519634037,1519634087,'GigabitEthernet_2',4),(1183,1500,1519634037,1519634087,'GigabitEthernet_2',4),(1184,1500,1519634037,1519634087,'GigabitEthernet_2',4),(1185,1500,1519634037,1519634087,'GigabitEthernet_2',4),(1186,1500,1519634037,1519634087,'GigabitEthernet_2',4),(1187,1500,1519634037,1519634087,'GigabitEthernet_2',4),(1188,1500,1519634037,1519634087,'GigabitEthernet_2',4),(1189,1500,1519634037,1519634087,'GigabitEthernet_2',4),(1190,1500,1519634037,1519634087,'GigabitEthernet_2',4),(1191,1500,1519634037,1519634087,'GigabitEthernet_2',4),(1192,1500,1519634037,1519634087,'GigabitEthernet_2',4),(1193,1500,1519634037,1519634087,'GigabitEthernet_2',4),(1194,1500,1519634037,1519634088,'GigabitEthernet_2',4),(1195,1500,1519634037,1519634088,'GigabitEthernet_2',4),(1196,1500,1519634037,1519634088,'GigabitEthernet_2',4),(1197,1500,1519634037,1519634089,'GigabitEthernet_2',4),(1198,1500,1519634037,1519634089,'GigabitEthernet_2',4),(1199,1500,1519634037,1519634089,'GigabitEthernet_2',4),(1200,1500,1519634037,1519634089,'GigabitEthernet_2',4),(1201,1500,1519634037,1519634089,'GigabitEthernet_2',4),(1202,1500,1519634037,1519634089,'GigabitEthernet_2',4),(1203,1500,1519634037,1519634089,'GigabitEthernet_2',4),(1204,1500,1519634037,1519634089,'GigabitEthernet_2',4),(1205,1500,1519634037,1519634090,'GigabitEthernet_2',4),(1206,1500,1519634037,1519634090,'GigabitEthernet_2',4),(1207,1500,1519634037,1519634090,'GigabitEthernet_2',4),(1208,1500,1519634037,1519634090,'GigabitEthernet_2',4),(1209,1500,1519634037,1519634090,'GigabitEthernet_2',4),(1210,1500,1519634037,1519634090,'GigabitEthernet_2',4),(1211,1500,1519634037,1519634090,'GigabitEthernet_2',4),(1212,1500,1519634037,1519634090,'GigabitEthernet_2',4),(1213,1500,1519634037,1519634090,'GigabitEthernet_2',4),(1214,1500,1519634037,1519634090,'GigabitEthernet_2',4),(1215,1500,1519634037,1519634090,'GigabitEthernet_2',4),(1216,1500,1519634037,1519634090,'GigabitEthernet_2',4),(1217,1500,1519634037,1519634090,'GigabitEthernet_2',4),(1218,1500,1519634037,1519634090,'GigabitEthernet_2',4),(1219,1500,1519634037,1519634090,'GigabitEthernet_2',4),(1220,1500,1519634037,1519634091,'GigabitEthernet_2',4),(1221,1500,1519634037,1519634091,'GigabitEthernet_2',4),(1222,1500,1519634037,1519634091,'GigabitEthernet_2',4),(1223,1500,1519634037,1519634091,'GigabitEthernet_2',4),(1224,1500,1519634037,1519634091,'GigabitEthernet_2',4),(1225,1500,1519634037,1519634092,'GigabitEthernet_2',4),(1226,1500,1519634037,1519634092,'GigabitEthernet_2',4),(1227,1500,1519634037,1519634092,'GigabitEthernet_2',4),(1228,1500,1519634037,1519634092,'GigabitEthernet_2',4),(1229,1500,1519634037,1519634092,'GigabitEthernet_2',4),(1230,1500,1519634037,1519634092,'GigabitEthernet_2',4),(1231,1500,1519634037,1519634092,'GigabitEthernet_2',4),(1232,1500,1519634037,1519634092,'GigabitEthernet_2',4),(1233,1500,1519634037,1519634092,'GigabitEthernet_2',4),(1234,1500,1519634037,1519634092,'GigabitEthernet_2',4),(1235,1500,1519634037,1519634092,'GigabitEthernet_2',4),(1236,1500,1519634037,1519634092,'GigabitEthernet_2',4),(1237,1500,1519634037,1519634092,'GigabitEthernet_2',4),(1238,1500,1519634037,1519634092,'GigabitEthernet_2',4),(1239,1500,1519634037,1519634092,'GigabitEthernet_2',4),(1240,1500,1519634037,1519634092,'GigabitEthernet_2',4),(1241,1500,1519634037,1519634093,'GigabitEthernet_2',4),(1242,1500,1519634037,1519634093,'GigabitEthernet_2',4),(1243,1500,1519634037,1519634093,'GigabitEthernet_2',4),(1244,1500,1519634037,1519634093,'GigabitEthernet_2',4),(1245,1500,1519634037,1519634093,'GigabitEthernet_2',4),(1246,1500,1519634037,1519634094,'GigabitEthernet_2',4),(1247,1500,1519634037,1519634094,'GigabitEthernet_2',4),(1248,1500,1519634037,1519634094,'GigabitEthernet_2',4),(1249,1500,1519634037,1519634094,'GigabitEthernet_2',4),(1250,1500,1519634037,1519634094,'GigabitEthernet_2',4),(1251,1500,1519634037,1519634095,'GigabitEthernet_2',4),(1252,1500,1519634037,1519634095,'GigabitEthernet_2',4),(1253,1500,1519634037,1519634095,'GigabitEthernet_2',4),(1254,1500,1519634037,1519634095,'GigabitEthernet_2',4),(1255,1500,1519634037,1519634095,'GigabitEthernet_2',4),(1256,1500,1519634037,1519634095,'GigabitEthernet_2',4),(1257,1500,1519634037,1519634095,'GigabitEthernet_2',4),(1258,1500,1519634037,1519634095,'GigabitEthernet_2',4),(1259,1500,1519634037,1519634095,'GigabitEthernet_2',4),(1260,1500,1519634037,1519634095,'GigabitEthernet_2',4),(1261,1500,1519634037,1519634095,'GigabitEthernet_2',4),(1262,1500,1519634037,1519634095,'GigabitEthernet_2',4),(1263,1500,1519634037,1519634096,'GigabitEthernet_2',4),(1264,1500,1519634037,1519634096,'GigabitEthernet_2',4),(1265,1500,1519634037,1519634096,'GigabitEthernet_2',4),(1266,1500,1519634037,1519634096,'GigabitEthernet_2',4),(1267,1500,1519634037,1519634096,'GigabitEthernet_2',4),(1268,1500,1519634037,1519634096,'GigabitEthernet_2',4),(1269,1500,1519634037,1519634096,'GigabitEthernet_2',4),(1270,1500,1519634037,1519634096,'GigabitEthernet_2',4),(1271,1500,1519634037,1519634096,'GigabitEthernet_2',4),(1272,1500,1519634037,1519634097,'GigabitEthernet_2',4),(1273,1500,1519634037,1519634097,'GigabitEthernet_2',4),(1274,1500,1519634037,1519634097,'GigabitEthernet_2',4),(1275,1500,1519634037,1519634098,'GigabitEthernet_2',4),(1276,1500,1519634037,1519634098,'GigabitEthernet_2',4),(1277,1500,1519634037,1519634098,'GigabitEthernet_2',4),(1278,1500,1519634037,1519634098,'GigabitEthernet_2',4),(1279,1500,1519634037,1519634098,'GigabitEthernet_2',4),(1280,1500,1519634037,1519634098,'GigabitEthernet_2',4),(1281,1500,1519634037,1519634098,'GigabitEthernet_2',4),(1282,1500,1519634037,1519634098,'GigabitEthernet_2',4),(1283,1500,1519634037,1519634098,'GigabitEthernet_2',4),(1284,1500,1519634037,1519634098,'GigabitEthernet_2',4),(1285,1500,1519634037,1519634098,'GigabitEthernet_2',4),(1286,1500,1519634037,1519634098,'GigabitEthernet_2',4),(1287,1500,1519634037,1519634098,'GigabitEthernet_2',4),(1288,1500,1519634037,1519634098,'GigabitEthernet_2',4),(1289,1500,1519634037,1519634098,'GigabitEthernet_2',4),(1290,1500,1519634037,1519634098,'GigabitEthernet_2',4),(1291,1500,1519634037,1519634099,'GigabitEthernet_2',4),(1292,1500,1519634037,1519634099,'GigabitEthernet_2',4),(1293,1500,1519634037,1519634099,'GigabitEthernet_2',4),(1294,1500,1519634037,1519634099,'GigabitEthernet_2',4),(1295,1500,1519634037,1519634099,'GigabitEthernet_2',4),(1296,1500,1519634037,1519634099,'GigabitEthernet_2',4),(1297,1500,1519634037,1519634099,'GigabitEthernet_2',4),(1298,1500,1519634037,1519634100,'GigabitEthernet_2',4),(1299,1500,1519634037,1519634100,'GigabitEthernet_2',4),(1300,1500,1519634037,1519634100,'GigabitEthernet_2',4),(1301,1500,1519634037,1519634100,'GigabitEthernet_2',4),(1302,1500,1519634037,1519634100,'GigabitEthernet_2',4),(1303,1500,1519634037,1519634100,'GigabitEthernet_2',4),(1304,1500,1519634037,1519634100,'GigabitEthernet_2',4),(1305,1500,1519634037,1519634100,'GigabitEthernet_2',4),(1306,1500,1519634037,1519634100,'GigabitEthernet_2',4),(1307,1500,1519634037,1519634100,'GigabitEthernet_2',4),(1308,1500,1519634037,1519634100,'GigabitEthernet_2',4),(1309,1500,1519634037,1519634100,'GigabitEthernet_2',4),(1310,1500,1519634037,1519634100,'GigabitEthernet_2',4),(1311,1500,1519634037,1519634101,'GigabitEthernet_2',4),(1312,1500,1519634037,1519634101,'GigabitEthernet_2',4),(1313,1500,1519634037,1519634101,'GigabitEthernet_2',4),(1314,1500,1519634037,1519634101,'GigabitEthernet_2',4),(1315,1500,1519634037,1519634101,'GigabitEthernet_2',4),(1316,1500,1519634037,1519634101,'GigabitEthernet_2',4),(1317,1500,1519634037,1519634101,'GigabitEthernet_2',4),(1318,1500,1519634037,1519634101,'GigabitEthernet_2',4),(1319,1500,1519634037,1519634101,'GigabitEthernet_2',4),(1320,1500,1519634037,1519634101,'GigabitEthernet_2',4),(1321,1500,1519634037,1519634102,'GigabitEthernet_2',4),(1322,1500,1519634037,1519634102,'GigabitEthernet_2',4),(1323,1500,1519634037,1519634102,'GigabitEthernet_2',4),(1324,1500,1519634037,1519634102,'GigabitEthernet_2',4),(1325,1500,1519634037,1519634102,'GigabitEthernet_2',4),(1326,1500,1519634037,1519634102,'GigabitEthernet_2',4),(1327,1500,1519634037,1519634102,'GigabitEthernet_2',4),(1328,1500,1519634037,1519634103,'GigabitEthernet_2',4),(1329,1500,1519634037,1519634103,'GigabitEthernet_2',4),(1330,1500,1519634037,1519634103,'GigabitEthernet_2',4),(1331,1500,1519634037,1519634103,'GigabitEthernet_2',4),(1332,1500,1519634037,1519634103,'GigabitEthernet_2',4),(1333,1500,1519634037,1519634103,'GigabitEthernet_2',4),(1334,1500,1519634037,1519634103,'GigabitEthernet_2',4),(1335,1500,1519634037,1519634103,'GigabitEthernet_2',4),(1336,1500,1519634037,1519634103,'GigabitEthernet_2',4),(1337,1500,1519634037,1519634103,'GigabitEthernet_2',4),(1338,1500,1519634037,1519634103,'GigabitEthernet_2',4),(1339,1500,1519634037,1519634104,'GigabitEthernet_2',4),(1340,1500,1519634037,1519634104,'GigabitEthernet_2',4),(1341,1500,1519634037,1519634104,'GigabitEthernet_2',4),(1342,1500,1519634037,1519634104,'GigabitEthernet_2',4),(1343,1500,1519634037,1519634104,'GigabitEthernet_2',4),(1344,1500,1519634037,1519634104,'GigabitEthernet_2',4),(1345,1500,1519634037,1519634104,'GigabitEthernet_2',4),(1346,1500,1519634037,1519634104,'GigabitEthernet_2',4),(1347,1500,1519634037,1519634105,'GigabitEthernet_2',4),(1348,1500,1519634037,1519634105,'GigabitEthernet_2',4),(1349,1500,1519634037,1519634105,'GigabitEthernet_2',4),(1350,1500,1519634037,1519634105,'GigabitEthernet_2',4),(1351,1500,1519634037,1519634105,'GigabitEthernet_2',4),(1352,1500,1519634037,1519634106,'GigabitEthernet_2',4),(1353,1500,1519634037,1519634106,'GigabitEthernet_2',4),(1354,1500,1519634037,1519634106,'GigabitEthernet_2',4),(1355,1500,1519634037,1519634106,'GigabitEthernet_2',4),(1356,1500,1519634037,1519634106,'GigabitEthernet_2',4),(1357,1500,1519634037,1519634106,'GigabitEthernet_2',4),(1358,1500,1519634037,1519634106,'GigabitEthernet_2',4),(1359,1500,1519634037,1519634106,'GigabitEthernet_2',4),(1360,1500,1519634037,1519634106,'GigabitEthernet_2',4),(1361,1500,1519634037,1519634106,'GigabitEthernet_2',4),(1362,1500,1519634037,1519634106,'GigabitEthernet_2',4),(1363,1500,1519634037,1519634106,'GigabitEthernet_2',4),(1364,1500,1519634037,1519634106,'GigabitEthernet_2',4),(1365,1500,1519634037,1519634106,'GigabitEthernet_2',4),(1366,1500,1519634037,1519634106,'GigabitEthernet_2',4),(1367,1500,1519634037,1519634106,'GigabitEthernet_2',4),(1368,1500,1519634037,1519634107,'GigabitEthernet_2',4),(1369,1500,1519634037,1519634107,'GigabitEthernet_2',4),(1370,1500,1519634037,1519634107,'GigabitEthernet_2',4),(1371,1500,1519634037,1519634107,'GigabitEthernet_2',4),(1372,1500,1519634037,1519634108,'GigabitEthernet_2',4),(1373,1500,1519634037,1519634108,'GigabitEthernet_2',4),(1374,1500,1519634037,1519634108,'GigabitEthernet_2',4),(1375,1500,1519634037,1519634108,'GigabitEthernet_2',4),(1376,1500,1519634037,1519634108,'GigabitEthernet_2',4),(1377,1500,1519634037,1519634108,'GigabitEthernet_2',4),(1378,1500,1519634037,1519634108,'GigabitEthernet_2',4),(1379,1500,1519634037,1519634108,'GigabitEthernet_2',4),(1380,1500,1519634037,1519634108,'GigabitEthernet_2',4),(1381,1500,1519634037,1519634108,'GigabitEthernet_2',4),(1382,1500,1519634037,1519634108,'GigabitEthernet_2',4),(1383,1500,1519634037,1519634108,'GigabitEthernet_2',4),(1384,1500,1519634037,1519634108,'GigabitEthernet_2',4),(1385,1500,1519634037,1519634108,'GigabitEthernet_2',4),(1386,1500,1519634037,1519634109,'GigabitEthernet_2',4),(1387,1500,1519634037,1519634109,'GigabitEthernet_2',4),(1388,1500,1519634037,1519634109,'GigabitEthernet_2',4),(1389,1500,1519634037,1519634109,'GigabitEthernet_2',4),(1390,1500,1519634037,1519634109,'GigabitEthernet_2',4),(1391,1500,1519634037,1519634109,'GigabitEthernet_2',4),(1392,1500,1519634037,1519634109,'GigabitEthernet_2',4),(1393,1500,1519634037,1519634110,'GigabitEthernet_2',4),(1394,1500,1519634037,1519634110,'GigabitEthernet_2',4),(1395,1500,1519634037,1519634110,'GigabitEthernet_2',4),(1396,1500,1519634037,1519634110,'GigabitEthernet_2',4),(1397,1500,1519634037,1519634110,'GigabitEthernet_2',4),(1398,1500,1519634037,1519634110,'GigabitEthernet_2',4),(1399,1500,1519634037,1519634110,'GigabitEthernet_2',4),(1400,1500,1519634037,1519634111,'GigabitEthernet_2',4),(1401,1500,1519634037,1519634111,'GigabitEthernet_2',4),(1402,1500,1519634037,1519634111,'GigabitEthernet_2',4),(1403,1500,1519634037,1519634111,'GigabitEthernet_2',4),(1404,1500,1519634037,1519634111,'GigabitEthernet_2',4),(1405,1500,1519634037,1519634111,'GigabitEthernet_2',4),(1406,1500,1519634037,1519634111,'GigabitEthernet_2',4),(1407,1500,1519634037,1519634111,'GigabitEthernet_2',4),(1408,1500,1519634037,1519634111,'GigabitEthernet_2',4),(1409,1500,1519634037,1519634111,'GigabitEthernet_2',4),(1410,1500,1519634037,1519634111,'GigabitEthernet_2',4),(1411,1500,1519634037,1519634111,'GigabitEthernet_2',4),(1412,1500,1519634037,1519634111,'GigabitEthernet_2',4),(1413,1500,1519634037,1519634111,'GigabitEthernet_2',4),(1414,1500,1519634037,1519634112,'GigabitEthernet_2',4),(1415,1500,1519634037,1519634112,'GigabitEthernet_2',4),(1416,1500,1519634037,1519634112,'GigabitEthernet_2',4),(1417,1500,1519634037,1519634112,'GigabitEthernet_2',4),(1418,1500,1519634037,1519634112,'GigabitEthernet_2',4),(1419,1500,1519634037,1519634112,'GigabitEthernet_2',4),(1420,1500,1519634037,1519634113,'GigabitEthernet_2',4),(1421,1500,1519634037,1519634113,'GigabitEthernet_2',4),(1422,1500,1519634037,1519634113,'GigabitEthernet_2',4),(1423,1500,1519634037,1519634113,'GigabitEthernet_2',4),(1424,1500,1519634037,1519634113,'GigabitEthernet_2',4),(1425,1500,1519634037,1519634113,'GigabitEthernet_2',4),(1426,1500,1519634037,1519634113,'GigabitEthernet_2',4),(1427,1500,1519634037,1519634113,'GigabitEthernet_2',4),(1428,1500,1519634037,1519634113,'GigabitEthernet_2',4),(1429,1500,1519634037,1519634113,'GigabitEthernet_2',4),(1430,1500,1519634037,1519634113,'GigabitEthernet_2',4),(1431,1500,1519634037,1519634114,'GigabitEthernet_2',4),(1432,1500,1519634037,1519634114,'GigabitEthernet_2',4),(1433,1500,1519634037,1519634114,'GigabitEthernet_2',4),(1434,1500,1519634037,1519634114,'GigabitEthernet_2',4),(1435,1500,1519634037,1519634114,'GigabitEthernet_2',4),(1436,1500,1519634037,1519634114,'GigabitEthernet_2',4),(1437,1500,1519634037,1519634114,'GigabitEthernet_2',4),(1438,1500,1519634037,1519634114,'GigabitEthernet_2',4),(1439,1500,1519634037,1519634114,'GigabitEthernet_2',4),(1440,1500,1519634037,1519634114,'GigabitEthernet_2',4),(1441,1500,1519634037,1519634114,'GigabitEthernet_2',4),(1442,1500,1519634037,1519634114,'GigabitEthernet_2',4),(1443,1500,1519634037,1519634114,'GigabitEthernet_2',4),(1444,1500,1519634037,1519634115,'GigabitEthernet_2',4),(1445,1500,1519634037,1519634115,'GigabitEthernet_2',4),(1446,1500,1519634037,1519634115,'GigabitEthernet_2',4),(1447,1500,1519634037,1519634115,'GigabitEthernet_2',4),(1448,1500,1519634037,1519634115,'GigabitEthernet_2',4),(1449,1500,1519634037,1519634116,'GigabitEthernet_2',4),(1450,1500,1519634037,1519634116,'GigabitEthernet_2',4),(1451,1500,1519634037,1519634116,'GigabitEthernet_2',4),(1452,1500,1519634037,1519634116,'GigabitEthernet_2',4),(1453,1500,1519634037,1519634116,'GigabitEthernet_2',4),(1454,1500,1519634037,1519634116,'GigabitEthernet_2',4),(1455,1500,1519634037,1519634116,'GigabitEthernet_2',4),(1456,1500,1519634037,1519634116,'GigabitEthernet_2',4),(1457,1500,1519634037,1519634116,'GigabitEthernet_2',4),(1458,1500,1519634037,1519634116,'GigabitEthernet_2',4),(1459,1500,1519634037,1519634116,'GigabitEthernet_2',4),(1460,1500,1519634037,1519634116,'GigabitEthernet_2',4),(1461,1500,1519634037,1519634116,'GigabitEthernet_2',4),(1462,1500,1519634037,1519634117,'GigabitEthernet_2',4),(1463,1500,1519634037,1519634117,'GigabitEthernet_2',4),(1464,1500,1519634037,1519634117,'GigabitEthernet_2',4),(1465,1500,1519634037,1519634117,'GigabitEthernet_2',4),(1466,1500,1519634037,1519634117,'GigabitEthernet_2',4),(1467,1500,1519634037,1519634117,'GigabitEthernet_2',4),(1468,1500,1519634037,1519634117,'GigabitEthernet_2',4),(1469,1500,1519634037,1519634117,'GigabitEthernet_2',4),(1470,1500,1519634037,1519634118,'GigabitEthernet_2',4),(1471,1500,1519634037,1519634118,'GigabitEthernet_2',4),(1472,1500,1519634037,1519634118,'GigabitEthernet_2',4),(1473,1500,1519634037,1519634118,'GigabitEthernet_2',4),(1474,1500,1519634037,1519634118,'GigabitEthernet_2',4),(1475,1500,1519634037,1519634118,'GigabitEthernet_2',4),(1476,1500,1519634037,1519634118,'GigabitEthernet_2',4),(1477,1500,1519634037,1519634118,'GigabitEthernet_2',4),(1478,1500,1519634037,1519634119,'GigabitEthernet_2',4),(1479,1500,1519634037,1519634119,'GigabitEthernet_2',4),(1480,1500,1519634037,1519634119,'GigabitEthernet_2',4),(1481,1500,1519634037,1519634119,'GigabitEthernet_2',4),(1482,1500,1519634037,1519634119,'GigabitEthernet_2',4),(1483,1500,1519634037,1519634119,'GigabitEthernet_2',4),(1484,1500,1519634037,1519634119,'GigabitEthernet_2',4),(1485,1500,1519634037,1519634119,'GigabitEthernet_2',4),(1486,1500,1519634037,1519634119,'GigabitEthernet_2',4),(1487,1500,1519634037,1519634119,'GigabitEthernet_2',4),(1488,1500,1519634037,1519634119,'GigabitEthernet_2',4),(1489,1500,1519634037,1519634120,'GigabitEthernet_2',4),(1490,1500,1519634037,1519634120,'GigabitEthernet_2',4),(1491,1500,1519634037,1519634120,'GigabitEthernet_2',4),(1492,1500,1519634037,1519634120,'GigabitEthernet_2',4),(1493,1500,1519634037,1519634120,'GigabitEthernet_2',4),(1494,1500,1519634037,1519634120,'GigabitEthernet_2',4),(1495,1500,1519634037,1519634121,'GigabitEthernet_2',4),(1496,1500,1519634037,1519634121,'GigabitEthernet_2',4),(1497,1500,1519634037,1519634121,'GigabitEthernet_2',4),(1498,1500,1519634037,1519634121,'GigabitEthernet_2',4),(1499,1500,1519634037,1519634121,'GigabitEthernet_2',4),(1500,1500,1519634037,1519634121,'GigabitEthernet_2',4),(1501,1500,1519634037,1519634121,'GigabitEthernet_2',4),(1502,1500,1519634037,1519634121,'GigabitEthernet_2',4),(1503,1500,1519634037,1519634121,'GigabitEthernet_2',4),(1504,1500,1519634037,1519634121,'GigabitEthernet_2',4),(1505,1500,1519634037,1519634121,'GigabitEthernet_2',4),(1506,1500,1519634037,1519634121,'GigabitEthernet_2',4),(1507,1500,1519634037,1519634121,'GigabitEthernet_2',4),(1508,1500,1519634037,1519634121,'GigabitEthernet_2',4),(1509,1500,1519634037,1519634121,'GigabitEthernet_2',4),(1510,1500,1519634037,1519634122,'GigabitEthernet_2',4),(1511,1500,1519634037,1519634122,'GigabitEthernet_2',4),(1512,1500,1519634037,1519634122,'GigabitEthernet_2',4),(1513,1500,1519634037,1519634122,'GigabitEthernet_2',4),(1514,1500,1519634037,1519634122,'GigabitEthernet_2',4),(1515,1500,1519634037,1519634122,'GigabitEthernet_2',4),(1516,1500,1519634037,1519634122,'GigabitEthernet_2',4),(1517,1500,1519634037,1519634122,'GigabitEthernet_2',4),(1518,1500,1519634037,1519634123,'GigabitEthernet_2',4),(1519,1500,1519634037,1519634123,'GigabitEthernet_2',4),(1520,1500,1519634037,1519634123,'GigabitEthernet_2',4),(1521,1500,1519634037,1519634123,'GigabitEthernet_2',4),(1522,1500,1519634037,1519634123,'GigabitEthernet_2',4),(1523,1500,1519634037,1519634123,'GigabitEthernet_2',4),(1524,1500,1519634037,1519634123,'GigabitEthernet_2',4),(1525,1500,1519634037,1519634123,'GigabitEthernet_2',4),(1526,1500,1519634037,1519634123,'GigabitEthernet_2',4),(1527,1500,1519634037,1519634124,'GigabitEthernet_2',4),(1528,1500,1519634037,1519634124,'GigabitEthernet_2',4),(1529,1500,1519634037,1519634124,'GigabitEthernet_2',4),(1530,1500,1519634037,1519634124,'GigabitEthernet_2',4),(1531,1500,1519634037,1519634124,'GigabitEthernet_2',4),(1532,1500,1519634037,1519634124,'GigabitEthernet_2',4),(1533,1500,1519634037,1519634124,'GigabitEthernet_2',4),(1534,1500,1519634037,1519634124,'GigabitEthernet_2',4),(1535,1500,1519634037,1519634124,'GigabitEthernet_2',4),(1536,1500,1519634037,1519634124,'GigabitEthernet_2',4),(1537,1500,1519634037,1519634124,'GigabitEthernet_2',4),(1538,1500,1519634037,1519634124,'GigabitEthernet_2',4),(1539,1500,1519634037,1519634124,'GigabitEthernet_2',4),(1540,1500,1519634037,1519634125,'GigabitEthernet_2',4),(1541,1500,1519634037,1519634125,'GigabitEthernet_2',4),(1542,1500,1519634037,1519634125,'GigabitEthernet_2',4),(1543,1500,1519634037,1519634125,'GigabitEthernet_2',4),(1544,1500,1519634037,1519634125,'GigabitEthernet_2',4),(1545,1500,1519634037,1519634125,'GigabitEthernet_2',4),(1546,1500,1519634037,1519634125,'GigabitEthernet_2',4),(1547,1500,1519634037,1519634126,'GigabitEthernet_2',4),(1548,1500,1519634037,1519634126,'GigabitEthernet_2',4),(1549,1500,1519634037,1519634126,'GigabitEthernet_2',4),(1550,1500,1519634037,1519634126,'GigabitEthernet_2',4),(1551,1500,1519634037,1519634126,'GigabitEthernet_2',4),(1552,1500,1519634037,1519634126,'GigabitEthernet_2',4),(1553,1500,1519634037,1519634126,'GigabitEthernet_2',4),(1554,1500,1519634037,1519634126,'GigabitEthernet_2',4),(1555,1500,1519634037,1519634126,'GigabitEthernet_2',4),(1556,1500,1519634037,1519634126,'GigabitEthernet_2',4),(1557,1500,1519634037,1519634126,'GigabitEthernet_2',4),(1558,1500,1519634037,1519634126,'GigabitEthernet_2',4),(1559,1500,1519634037,1519634127,'GigabitEthernet_2',4),(1560,1500,1519634037,1519634127,'GigabitEthernet_2',4),(1561,1500,1519634037,1519634127,'GigabitEthernet_2',4),(1562,1500,1519634037,1519634127,'GigabitEthernet_2',4),(1563,1500,1519634037,1519634127,'GigabitEthernet_2',4),(1564,1500,1519634037,1519634127,'GigabitEthernet_2',4),(1565,1500,1519634037,1519634127,'GigabitEthernet_2',4),(1566,1500,1519634037,1519634127,'GigabitEthernet_2',4),(1567,1500,1519634037,1519634127,'GigabitEthernet_2',4),(1568,1500,1519634037,1519634127,'GigabitEthernet_2',4),(1569,1500,1519634037,1519634127,'GigabitEthernet_2',4),(1570,1500,1519634037,1519634127,'GigabitEthernet_2',4),(1571,1500,1519634037,1519634127,'GigabitEthernet_2',4),(1572,1500,1519634037,1519634128,'GigabitEthernet_2',4),(1573,1500,1519634037,1519634128,'GigabitEthernet_2',4),(1574,1500,1519634037,1519634128,'GigabitEthernet_2',4),(1575,1500,1519634037,1519634128,'GigabitEthernet_2',4),(1576,1500,1519634037,1519634128,'GigabitEthernet_2',4),(1577,1500,1519634037,1519634128,'GigabitEthernet_2',4),(1578,1500,1519634037,1519634128,'GigabitEthernet_2',4),(1579,1500,1519634037,1519634129,'GigabitEthernet_2',4),(1580,1500,1519634037,1519634129,'GigabitEthernet_2',4),(1581,1500,1519634037,1519634129,'GigabitEthernet_2',4),(1582,1500,1519634037,1519634129,'GigabitEthernet_2',4),(1583,1500,1519634037,1519634129,'GigabitEthernet_2',4),(1584,1500,1519634037,1519634129,'GigabitEthernet_2',4),(1585,1500,1519634037,1519634129,'GigabitEthernet_2',4),(1586,1500,1519634037,1519634129,'GigabitEthernet_2',4),(1587,1500,1519634037,1519634129,'GigabitEthernet_2',4),(1588,1500,1519634037,1519634129,'GigabitEthernet_2',4),(1589,1500,1519634037,1519634129,'GigabitEthernet_2',4),(1590,1500,1519634037,1519634130,'GigabitEthernet_2',4),(1591,1500,1519634037,1519634130,'GigabitEthernet_2',4),(1592,1500,1519634037,1519634130,'GigabitEthernet_2',4),(1593,1500,1519634037,1519634130,'GigabitEthernet_2',4),(1594,1500,1519634037,1519634130,'GigabitEthernet_2',4),(1595,1500,1519634037,1519634130,'GigabitEthernet_2',4),(1596,1500,1519634037,1519634130,'GigabitEthernet_2',4),(1597,1500,1519634037,1519634130,'GigabitEthernet_2',4),(1598,1500,1519634037,1519634130,'GigabitEthernet_2',4),(1599,1500,1519634037,1519634130,'GigabitEthernet_2',4),(1600,1500,1519634037,1519634131,'GigabitEthernet_2',4),(1601,1500,1519634037,1519634131,'GigabitEthernet_2',4),(1602,1500,1519634037,1519634131,'GigabitEthernet_2',4),(1603,1500,1519634037,1519634131,'GigabitEthernet_2',4),(1604,1500,1519634037,1519634131,'GigabitEthernet_2',4),(1605,1500,1519634037,1519634131,'GigabitEthernet_2',4),(1606,1500,1519634037,1519634131,'GigabitEthernet_2',4),(1607,1500,1519634037,1519634131,'GigabitEthernet_2',4),(1608,1500,1519634037,1519634131,'GigabitEthernet_2',4),(1609,1500,1519634037,1519634131,'GigabitEthernet_2',4),(1610,1500,1519634037,1519634131,'GigabitEthernet_2',4),(1611,1500,1519634037,1519634131,'GigabitEthernet_2',4),(1612,1500,1519634037,1519634131,'GigabitEthernet_2',4),(1613,1500,1519634037,1519634132,'GigabitEthernet_2',4),(1614,1500,1519634037,1519634132,'GigabitEthernet_2',4),(1615,1500,1519634037,1519634132,'GigabitEthernet_2',4),(1616,1500,1519634037,1519634132,'GigabitEthernet_2',4),(1617,1500,1519634037,1519634132,'GigabitEthernet_2',4),(1618,1500,1519634037,1519634132,'GigabitEthernet_2',4),(1619,1500,1519634037,1519634132,'GigabitEthernet_2',4),(1620,1500,1519634037,1519634132,'GigabitEthernet_2',4),(1621,1500,1519634037,1519634132,'GigabitEthernet_2',4),(1622,1500,1519634037,1519634132,'GigabitEthernet_2',4),(1623,1500,1519634037,1519634133,'GigabitEthernet_2',4),(1624,1500,1519634037,1519634133,'GigabitEthernet_2',4),(1625,1500,1519634037,1519634133,'GigabitEthernet_2',4),(1626,1500,1519634037,1519634133,'GigabitEthernet_2',4),(1627,1500,1519634037,1519634133,'GigabitEthernet_2',4),(1628,1500,1519634037,1519634133,'GigabitEthernet_2',4),(1629,1500,1519634037,1519634133,'GigabitEthernet_2',4),(1630,1500,1519634037,1519634133,'GigabitEthernet_2',4),(1631,1500,1519634037,1519634133,'GigabitEthernet_2',4),(1632,1500,1519634037,1519634133,'GigabitEthernet_2',4),(1633,1500,1519634037,1519634133,'GigabitEthernet_2',4),(1634,1500,1519634037,1519634133,'GigabitEthernet_2',4),(1635,1500,1519634037,1519634133,'GigabitEthernet_2',4),(1636,1500,1519634037,1519634133,'GigabitEthernet_2',4),(1637,1500,1519634037,1519634133,'GigabitEthernet_2',4),(1638,1500,1519634037,1519634134,'GigabitEthernet_2',4),(1639,1500,1519634037,1519634134,'GigabitEthernet_2',4),(1640,1500,1519634037,1519634134,'GigabitEthernet_2',4),(1641,1500,1519634037,1519634134,'GigabitEthernet_2',4),(1642,1500,1519634037,1519634134,'GigabitEthernet_2',4),(1643,1500,1519634037,1519634134,'GigabitEthernet_2',4),(1644,1500,1519634037,1519634135,'GigabitEthernet_2',4),(1645,1500,1519634037,1519634135,'GigabitEthernet_2',4),(1646,1500,1519634037,1519634135,'GigabitEthernet_2',4),(1647,1500,1519634037,1519634135,'GigabitEthernet_2',4),(1648,1500,1519634037,1519634135,'GigabitEthernet_2',4),(1649,1500,1519634037,1519634135,'GigabitEthernet_2',4),(1650,1500,1519634037,1519634135,'GigabitEthernet_2',4),(1651,1500,1519634037,1519634135,'GigabitEthernet_2',4),(1652,1500,1519634037,1519634136,'GigabitEthernet_2',4),(1653,1500,1519634037,1519634136,'GigabitEthernet_2',4),(1654,1500,1519634037,1519634136,'GigabitEthernet_2',4),(1655,1500,1519634037,1519634136,'GigabitEthernet_2',4),(1656,1500,1519634037,1519634136,'GigabitEthernet_2',4),(1657,1500,1519634037,1519634136,'GigabitEthernet_2',4),(1658,1500,1519634037,1519634136,'GigabitEthernet_2',4),(1659,1500,1519634037,1519634136,'GigabitEthernet_2',4),(1660,1500,1519634037,1519634136,'GigabitEthernet_2',4),(1661,1500,1519634037,1519634136,'GigabitEthernet_2',4),(1662,1500,1519634037,1519634136,'GigabitEthernet_2',4),(1663,1500,1519634037,1519634136,'GigabitEthernet_2',4),(1664,1500,1519634037,1519634136,'GigabitEthernet_2',4),(1665,1500,1519634037,1519634136,'GigabitEthernet_2',4),(1666,1500,1519634037,1519634136,'GigabitEthernet_2',4),(1667,1500,1519634037,1519634136,'GigabitEthernet_2',4),(1668,1500,1519634037,1519634137,'GigabitEthernet_2',4),(1669,1500,1519634037,1519634137,'GigabitEthernet_2',4),(1670,1500,1519634037,1519634137,'GigabitEthernet_2',4),(1671,1500,1519634037,1519634137,'GigabitEthernet_2',4),(1672,1500,1519634037,1519634137,'GigabitEthernet_2',4),(1673,1500,1519634037,1519634138,'GigabitEthernet_2',4),(1674,1500,1519634037,1519634138,'GigabitEthernet_2',4),(1675,1500,1519634037,1519634138,'GigabitEthernet_2',4),(1676,1500,1519634037,1519634138,'GigabitEthernet_2',4),(1677,1500,1519634037,1519634138,'GigabitEthernet_2',4),(1678,1500,1519634037,1519634138,'GigabitEthernet_2',4),(1679,1500,1519634037,1519634139,'GigabitEthernet_2',4),(1680,1500,1519634037,1519634139,'GigabitEthernet_2',4),(1681,1500,1519634037,1519634139,'GigabitEthernet_2',4),(1682,1500,1519634037,1519634139,'GigabitEthernet_2',4),(1683,1500,1519634037,1519634139,'GigabitEthernet_2',4),(1684,1500,1519634037,1519634139,'GigabitEthernet_2',4),(1685,1500,1519634037,1519634139,'GigabitEthernet_2',4),(1686,1500,1519634037,1519634139,'GigabitEthernet_2',4),(1687,1500,1519634037,1519634139,'GigabitEthernet_2',4),(1688,1500,1519634037,1519634139,'GigabitEthernet_2',4),(1689,1500,1519634037,1519634139,'GigabitEthernet_2',4),(1690,1500,1519634037,1519634139,'GigabitEthernet_2',4),(1691,1500,1519634037,1519634139,'GigabitEthernet_2',4),(1692,1500,1519634037,1519634139,'GigabitEthernet_2',4),(1693,1500,1519634037,1519634140,'GigabitEthernet_2',4),(1694,1500,1519634037,1519634140,'GigabitEthernet_2',4),(1695,1500,1519634037,1519634140,'GigabitEthernet_2',4),(1696,1500,1519634037,1519634140,'GigabitEthernet_2',4),(1697,1500,1519634037,1519634141,'GigabitEthernet_2',4),(1698,1500,1519634037,1519634141,'GigabitEthernet_2',4),(1699,1500,1519634037,1519634141,'GigabitEthernet_2',4),(1700,1500,1519634037,1519634141,'GigabitEthernet_2',4),(1701,1500,1519634037,1519634141,'GigabitEthernet_2',4),(1702,1500,1519634037,1519634141,'GigabitEthernet_2',4),(1703,1500,1519634037,1519634141,'GigabitEthernet_2',4),(1704,1500,1519634037,1519634141,'GigabitEthernet_2',4),(1705,1500,1519634037,1519634141,'GigabitEthernet_2',4),(1706,1500,1519634037,1519634141,'GigabitEthernet_2',4),(1707,1500,1519634037,1519634141,'GigabitEthernet_2',4),(1708,1500,1519634037,1519634141,'GigabitEthernet_2',4),(1709,1500,1519634037,1519634142,'GigabitEthernet_2',4),(1710,1500,1519634037,1519634142,'GigabitEthernet_2',4),(1711,1500,1519634037,1519634142,'GigabitEthernet_2',4),(1712,1500,1519634037,1519634142,'GigabitEthernet_2',4),(1713,1500,1519634037,1519634142,'GigabitEthernet_2',4),(1714,1500,1519634037,1519634142,'GigabitEthernet_2',4),(1715,1500,1519634037,1519634142,'GigabitEthernet_2',4),(1716,1500,1519634037,1519634142,'GigabitEthernet_2',4),(1717,1500,1519634037,1519634143,'GigabitEthernet_2',4),(1718,1500,1519634037,1519634143,'GigabitEthernet_2',4),(1719,1500,1519634037,1519634143,'GigabitEthernet_2',4),(1720,1500,1519634037,1519634143,'GigabitEthernet_2',4),(1721,1500,1519634037,1519634144,'GigabitEthernet_2',4),(1722,1500,1519634037,1519634144,'GigabitEthernet_2',4),(1723,1500,1519634037,1519634144,'GigabitEthernet_2',4),(1724,1500,1519634037,1519634144,'GigabitEthernet_2',4),(1725,1500,1519634037,1519634144,'GigabitEthernet_2',4),(1726,1500,1519634037,1519634144,'GigabitEthernet_2',4),(1727,1500,1519634037,1519634144,'GigabitEthernet_2',4),(1728,1500,1519634037,1519634144,'GigabitEthernet_2',4),(1729,1500,1519634037,1519634144,'GigabitEthernet_2',4),(1730,1500,1519634037,1519634144,'GigabitEthernet_2',4),(1731,1500,1519634037,1519634144,'GigabitEthernet_2',4),(1732,1500,1519634037,1519634144,'GigabitEthernet_2',4),(1733,1500,1519634037,1519634144,'GigabitEthernet_2',4),(1734,1500,1519634037,1519634145,'GigabitEthernet_2',4),(1735,1500,1519634037,1519634145,'GigabitEthernet_2',4),(1736,1500,1519634037,1519634145,'GigabitEthernet_2',4),(1737,1500,1519634037,1519634145,'GigabitEthernet_2',4),(1738,1500,1519634037,1519634146,'GigabitEthernet_2',4),(1739,1500,1519634037,1519634147,'GigabitEthernet_2',4),(1740,1500,1519634037,1519634147,'GigabitEthernet_2',4),(1741,1500,1519634037,1519634147,'GigabitEthernet_2',4),(1742,1500,1519634037,1519634147,'GigabitEthernet_2',4),(1743,1500,1519634037,1519634147,'GigabitEthernet_2',4),(1744,1500,1519634037,1519634147,'GigabitEthernet_2',4),(1745,1500,1519634037,1519634147,'GigabitEthernet_2',4),(1746,1500,1519634037,1519634147,'GigabitEthernet_2',4),(1747,1500,1519634037,1519634147,'GigabitEthernet_2',4),(1748,1500,1519634037,1519634147,'GigabitEthernet_2',4),(1749,1500,1519634037,1519634147,'GigabitEthernet_2',4),(1750,1500,1519634037,1519634147,'GigabitEthernet_2',4),(1751,1500,1519634037,1519634147,'GigabitEthernet_2',4),(1752,1500,1519634037,1519634147,'GigabitEthernet_2',4),(1753,1500,1519634037,1519634147,'GigabitEthernet_2',4),(1754,1500,1519634037,1519634147,'GigabitEthernet_2',4),(1755,1500,1519634037,1519634147,'GigabitEthernet_2',4),(1756,1500,1519634037,1519634148,'GigabitEthernet_2',4),(1757,1500,1519634037,1519634148,'GigabitEthernet_2',4),(1758,1500,1519634037,1519634148,'GigabitEthernet_2',4),(1759,1500,1519634037,1519634148,'GigabitEthernet_2',4),(1760,1500,1519634037,1519634148,'GigabitEthernet_2',4),(1761,1500,1519634037,1519634149,'GigabitEthernet_2',4),(1762,1500,1519634037,1519634149,'GigabitEthernet_2',4),(1763,1500,1519634037,1519634149,'GigabitEthernet_2',4),(1764,1500,1519634037,1519634149,'GigabitEthernet_2',4),(1765,1500,1519634037,1519634150,'GigabitEthernet_2',4),(1766,1500,1519634037,1519634150,'GigabitEthernet_2',4),(1767,1500,1519634037,1519634150,'GigabitEthernet_2',4),(1768,1500,1519634037,1519634150,'GigabitEthernet_2',4),(1769,1500,1519634037,1519634150,'GigabitEthernet_2',4),(1770,1500,1519634037,1519634151,'GigabitEthernet_2',4);

#
# Structure for table "history_cli_str"
#

CREATE TABLE `history_cli_str` (
  `id` int(11) NOT NULL AUTO_INCREMENT,
  `clock` int(11) DEFAULT NULL,
  `value` varchar(255) DEFAULT NULL,
  `ns` int(11) DEFAULT NULL,
  `block_path` varchar(255) DEFAULT NULL,
  `item_id` int(11) NOT NULL,
  PRIMARY KEY (`id`),
  KEY `history_cli_str_item_id_6e3a5d1b_fk_items_item_id` (`item_id`),
  CONSTRAINT `history_cli_str_item_id_6e3a5d1b_fk_items_item_id` FOREIGN KEY (`item_id`) REFERENCES `items` (`item_id`)
) ENGINE=InnoDB DEFAULT CHARSET=utf8;

#
# Data for table "history_cli_str"
#


#
# Structure for table "history_cli_text"
#

CREATE TABLE `history_cli_text` (
  `id` int(11) NOT NULL AUTO_INCREMENT,
  `clock` int(11) DEFAULT NULL,
  `value` longtext,
  `ns` int(11) DEFAULT NULL,
  `block_path` varchar(255) DEFAULT NULL,
  `item_id` int(11) NOT NULL,
  PRIMARY KEY (`id`),
  KEY `history_cli_text_item_id_ae17b56b_fk_items_item_id` (`item_id`),
  CONSTRAINT `history_cli_text_item_id_ae17b56b_fk_items_item_id` FOREIGN KEY (`item_id`) REFERENCES `items` (`item_id`)
) ENGINE=InnoDB DEFAULT CHARSET=utf8;

#
# Data for table "history_cli_text"
#


#
# Structure for table "history_snmp_float"
#

CREATE TABLE `history_snmp_float` (
  `id` int(11) NOT NULL AUTO_INCREMENT,
  `value` double DEFAULT NULL,
  `clock` int(11) DEFAULT NULL,
  `ns` int(11) DEFAULT NULL,
  `item_id` int(11) NOT NULL,
  PRIMARY KEY (`id`),
  KEY `history_snmp_float_item_id_35fc9258_fk_items_item_id` (`item_id`),
  CONSTRAINT `history_snmp_float_item_id_35fc9258_fk_items_item_id` FOREIGN KEY (`item_id`) REFERENCES `items` (`item_id`)
) ENGINE=InnoDB DEFAULT CHARSET=utf8;

#
# Data for table "history_snmp_float"
#


#
# Structure for table "history_snmp_int"
#

CREATE TABLE `history_snmp_int` (
  `id` int(11) NOT NULL AUTO_INCREMENT,
  `value` bigint(20) DEFAULT NULL,
  `clock` int(11) DEFAULT NULL,
  `ns` int(11) DEFAULT NULL,
  `item_id` int(11) NOT NULL,
  PRIMARY KEY (`id`),
  KEY `history_snmp_int_item_id_10b32be3_fk_items_item_id` (`item_id`),
  CONSTRAINT `history_snmp_int_item_id_10b32be3_fk_items_item_id` FOREIGN KEY (`item_id`) REFERENCES `items` (`item_id`)
) ENGINE=InnoDB DEFAULT CHARSET=utf8;

#
# Data for table "history_snmp_int"
#


#
# Structure for table "history_snmp_str"
#

CREATE TABLE `history_snmp_str` (
  `id` int(11) NOT NULL AUTO_INCREMENT,
  `clock` int(11) DEFAULT NULL,
  `value` varchar(255) DEFAULT NULL,
  `ns` int(11) DEFAULT NULL,
  `item_id` int(11) NOT NULL,
  PRIMARY KEY (`id`),
  KEY `history_snmp_str_item_id_e74802b6_fk_items_item_id` (`item_id`),
  CONSTRAINT `history_snmp_str_item_id_e74802b6_fk_items_item_id` FOREIGN KEY (`item_id`) REFERENCES `items` (`item_id`)
) ENGINE=InnoDB DEFAULT CHARSET=utf8;

#
# Data for table "history_snmp_str"
#


#
# Structure for table "history_snmp_text"
#

CREATE TABLE `history_snmp_text` (
  `id` int(11) NOT NULL AUTO_INCREMENT,
  `clock` int(11) DEFAULT NULL,
  `value` longtext,
  `ns` int(11) DEFAULT NULL,
  `item_id` int(11) NOT NULL,
  PRIMARY KEY (`id`),
  KEY `history_snmp_text_item_id_17c301c8_fk_items_item_id` (`item_id`),
  CONSTRAINT `history_snmp_text_item_id_17c301c8_fk_items_item_id` FOREIGN KEY (`item_id`) REFERENCES `items` (`item_id`)
) ENGINE=InnoDB AUTO_INCREMENT=13 DEFAULT CHARSET=utf8;

#
# Data for table "history_snmp_text"
#

INSERT INTO `history_snmp_text` VALUES (12,1517817372,'Cisco IOS Software [Denali], CSR1000V Software (X86_64_LINUX_IOSD-UNIVERSALK9-M), Version 16.3.4, RELEASE SOFTWARE (fc3)\r\nTechnical Support: http://www.cisco.com/techsupport\r\nCopyright (c) 1986-2017 by Cisco Systems, Inc.\r\nCompiled Wed 31-May-17 19:00 by ',1517817373,6);

#
# Structure for table "triggers"
#

CREATE TABLE `triggers` (
  `trigger_id` int(11) NOT NULL AUTO_INCREMENT,
  `name` varchar(256) DEFAULT NULL,
  `descr` varchar(2000) DEFAULT NULL,
  `status` int(11) DEFAULT NULL,
  `value` varchar(255) DEFAULT NULL,
  `priority` int(11) DEFAULT NULL,
  `trigger_type` int(11) DEFAULT NULL,
  `trigger_limit_nums` int(11) DEFAULT NULL,
  `condition` int(11) DEFAULT NULL,
  `expression` varchar(255) DEFAULT NULL,
  `columnA` int(11) DEFAULT NULL,
  `columnB` int(11) DEFAULT NULL,
  PRIMARY KEY (`trigger_id`)
) ENGINE=InnoDB AUTO_INCREMENT=2 DEFAULT CHARSET=utf8;

#
# Data for table "triggers"
#

INSERT INTO `triggers` VALUES (1,'trigger_test','123',1,'1500',1,0,5,NULL,'Min(1)',NULL,NULL);

#
# Structure for table "trigger_detail"
#

CREATE TABLE `trigger_detail` (
  `trigger_detail_id` int(11) NOT NULL AUTO_INCREMENT,
  `expression` varchar(255) DEFAULT NULL,
  `descr` varchar(2000) DEFAULT NULL,
  `status` int(11) DEFAULT NULL,
  `expression_view` varchar(255) DEFAULT NULL,
  `trigger_id` int(11) NOT NULL,
  `device_id` int(11) DEFAULT NULL,
  PRIMARY KEY (`trigger_detail_id`),
  KEY `trigger_detail_trigger_id_7916ab0c_fk_triggers_trigger_id` (`trigger_id`),
  CONSTRAINT `trigger_detail_trigger_id_7916ab0c_fk_triggers_trigger_id` FOREIGN KEY (`trigger_id`) REFERENCES `triggers` (`trigger_id`)
) ENGINE=InnoDB AUTO_INCREMENT=8 DEFAULT CHARSET=utf8;

#
# Data for table "trigger_detail"
#

INSERT INTO `trigger_detail` VALUES (1,'Min(4[10]) != 1500',NULL,1,NULL,1,1),(2,'4(10) > 1500',NULL,1,NULL,1,1),(3,'Hex2Dec(Min(4[10])) > 1500',NULL,0,NULL,1,1),(4,'{4} == \'ok\'',NULL,1,NULL,1,1),(5,'{4} > 1000',NULL,1,NULL,1,1),(6,'Avg(4[10]) + Max(4[9]) > 1500',NULL,1,NULL,1,1),(7,'Fail(1)',NULL,0,NULL,1,1);

#
# Structure for table "functions"
#

CREATE TABLE `functions` (
  `function_id` int(11) NOT NULL AUTO_INCREMENT,
  `function` varchar(12) DEFAULT NULL,
  `parameter` varchar(255) DEFAULT NULL,
  `item_id` int(11) NOT NULL,
  `trigger_detail_id` int(11) NOT NULL,
  PRIMARY KEY (`function_id`),
  KEY `functions_item_id_20030605_fk_items_item_id` (`item_id`),
  KEY `functions_trigger_detail_id_9d19e98e_fk_trigger_d` (`trigger_detail_id`),
  CONSTRAINT `functions_item_id_20030605_fk_items_item_id` FOREIGN KEY (`item_id`) REFERENCES `items` (`item_id`),
  CONSTRAINT `functions_trigger_detail_id_9d19e98e_fk_trigger_d` FOREIGN KEY (`trigger_detail_id`) REFERENCES `trigger_detail` (`trigger_detail_id`)
) ENGINE=InnoDB AUTO_INCREMENT=2 DEFAULT CHARSET=utf8;

#
# Data for table "functions"
#

INSERT INTO `functions` VALUES (1,'Last','0',4,1);

#
# Structure for table "actions"
#

CREATE TABLE `actions` (
  `action_id` int(11) NOT NULL AUTO_INCREMENT,
  `action_type` varchar(255) DEFAULT NULL,
  `action_name` varchar(255) DEFAULT NULL,
  `snmp_version` varchar(255) DEFAULT NULL,
  `snmp_oid` varchar(255) DEFAULT NULL,
  `community` varchar(255) DEFAULT NULL,
  `ip_address` varchar(255) DEFAULT NULL,
  `username` varchar(255) DEFAULT NULL,
  `password` varchar(255) DEFAULT NULL,
  `command` varchar(255) DEFAULT NULL,
  `agent_address` varchar(255) DEFAULT NULL,
  `oid` varchar(255) DEFAULT NULL,
  `message` varchar(255) DEFAULT NULL,
  `param` varchar(255) DEFAULT NULL,
  `script_path` varchar(255) DEFAULT NULL,
  `status` varchar(45) DEFAULT NULL,
  `trigger_id` int(11) NOT NULL,
  PRIMARY KEY (`action_id`),
  KEY `actions_trigger_id_3aa75782_fk_triggers_trigger_id` (`trigger_id`),
  CONSTRAINT `actions_trigger_id_3aa75782_fk_triggers_trigger_id` FOREIGN KEY (`trigger_id`) REFERENCES `triggers` (`trigger_id`)
) ENGINE=InnoDB DEFAULT CHARSET=utf8;

#
# Data for table "actions"
#

